Owner ID,Address,Twitter,User Reward,Supply Percent
1,tz1fhd4k1jSJRRcNVbkMwVzkKEhX3kzApsfk,,321,3.5866%
2,tz1dJZLfZSgrU9ajLozqMez3KUkGoW5Cnsjd,,205,2.2905%
3,tz1LTepZpT3TfWGAyroTfgDSdV4sAYhdnuGY,@tokyomegaplex,147,1.6425%
4,tz1fb4EaCS7yj51XNgTfAzCvLKgR97HnMeHj,@kkkkkkkkaleb,145,1.6201%
5,tz2X3jQAeRG3tZLxpsmPfMMw6wbWBUCu9x8S,@h4ptik,110,1.2291%
6,tz1Sew8x4S8xfnmHweASbxen2ooDQkP1NATL,@nft_system,107,1.1955%
7,tz1c6836nz23Htq4EGa9YVfZwJNsbNWaSbwF,,101,1.1285%
8,tz1UhNtUf5mQ98mC9PUKfPTX4XanyEVztLVf,@wxly13,101,1.1285%
9,tz1NGDuYTuuB1geX1K5b88cqa8JinFLdd3d5,@DlSPUTED,100,1.1173%
10,tz2SMoEmBGX9LvVWJcd6py4emfxNzQyBPsyK,,99,1.1061%
11,tz1aWnxe7tVDrF8LNH6BNEXJx8gEXNrinPRX,,95,1.0615%
12,tz1TUYiabZvck25KV8urL93nHxwmqwi1sZXP,@NFT_Dream,95,1.0615%
13,tz1h5ggjuAGW33VPksGmpBru2B3Cn868uxsh,@GaloAndStuff,94,1.0503%
14,tz1emc9Uto1fXZWfau8zWDCGL5e2PpnrRxqg,@metadunc,92,1.0279%
15,tz1PTvHHaAi7bTxkYyd6MYrHjxToqCnXB1Ls,,90,1.0056%
16,tz1LSjfgjLXmbp6VtPx7Tptxuh3Ljjbqj2Py,@idlebit,88,0.9832%
17,tz1Phxy1rZL6NW5wRV7zpCY2AvkdwRLh2zoz,,86,0.9609%
18,tz1Sd3RecAENiQyN6CV4SVHTZxDdGbhj1rAR,,85,0.9497%
19,tz1Pf9opMLi5ZcKmTiWsDH1vZrfMjQ1pY9pZ,@kahreo,83,0.9274%
20,tz1WidyAU8wuyG25Pd7b93bcx9hMu7W9Pea8,@veqtor,80,0.8939%
21,tz1PNht1EPDbgfZYSPCQqvmioGsSbAq2RVj3,@genericorp,78,0.8715%
22,tz1Urq3uyKnJirZ3NH7VPPX7P7QQ7DMmfrHs,@historicalive,74,0.8268%
23,tz1iQ5n52oSKgdtdYtqEJgKmQYbL1nn2poB8,,70,0.7821%
24,tz1M1TAPmAWgZGR4hcC1MFALjAVSih3YCXE2,,68,0.7598%
25,tz1MdxKdeDfua4agvqPzp9MhA7i9vKWotm2R,@cam_ltu,52,0.5810%
26,tz1a2ZeWmyNQ8BiuFNTE4vmFEP9MBaP76QPX,@datcsv,49,0.5475%
27,tz1c2iwyckUCcicx2qxqtwLEartYFEHg1pvB,@Esclaponr,47,0.5251%
28,tz1RrJTiy6obAbizYXimyNKALKRvCYLkVWLL,,47,0.5251%
29,tz1XsDA6LrZUmuKUCqr3dXXzZ9zY5xpixBpE,,44,0.4916%
30,tz1coryCkSEMhdcUxYY8YbQ1A8G6uv1FxsrF,@Ham_of_Burg,43,0.4804%
31,tz1QmV7YsPJBebTxVymihZPHsrA1diZf13u3,,37,0.4134%
32,tz1esEY2yNUNAFnescGecqbiEjuB7W5uvJNE,@NFT_raider,35,0.3911%
33,tz1SsJd451BUpqyvngSf355zw6FZi3i42gdy,@chabobes,34,0.3799%
34,tz1Sy9gJjqzDqb8yXmnu3niPtExyhHhfPxn1,@fotokopid,32,0.3575%
35,tz1fCW9QFdfpptUfAQ3Dz7W39GjYm3tWormF,,31,0.3464%
36,tz1MwgPYtc8uccvYgEH4gixazzLLgayRipze,,29,0.3240%
37,tz1UQqDZPQLM32ewUzpq29iXmuFvuJ1WersK,@zachjabri,29,0.3240%
38,tz1cSTPqM8kTYnAd28aEUaaJ7xKzvsTGJ4NX,@mindsoru,28,0.3128%
39,tz1ef6P7bDqjEL4CbgjjJQvixD59sz82QLFw,,28,0.3128%
40,tz1PC8UjpK4yKBFhqh914Txu1myPngCjwyXL,@numb3rth30ry,28,0.3128%
41,tz1hQ8BzTVwssUGQFinLQGfc7TKuMdeX6uQW,@nftartcards,27,0.3017%
42,tz1LmZm7aqx4p9n6qUXpLBSHXFqeGzmje5N6,,27,0.3017%
43,tz1XX6ykvpfPGAkzeDaFPvvPqmRQoTwCvP4S,,27,0.3017%
44,tz1e5tZ1iYEHy8GGn6ZgccGqaaANSVadkCoL,,25,0.2793%
45,tz1fb6jz7rh4H7AojLShvhiXKaSNDyvkH7sM,@bors___,24,0.2682%
46,tz1WNFJUq6bhhZQjGu5SrmCgySpmTzm1X2co,,24,0.2682%
47,tz1cjTb6ijvnPrJBfaTEFphxDovW9xQbkmDK,@windspiek,23,0.2570%
48,tz1iaFR8cYHP6KM5NhduzcGqWSopB3kidomi,,23,0.2570%
49,tz1cjHCorsyNqN3cWWKoYpzycBJmpifyoWd6,@yangwong,22,0.2458%
50,tz1hnY5rRSEwc5yidgtfRicHP45NPjN7Do5G,,22,0.2458%
51,tz1iDQ6t9aiPCrwvgxRDspDtyjZnpvLxMvJ1,@_0ND1,22,0.2458%
52,tz1UZGPJtRLsNyYUuYyQU9DSepSF13XxYxFk,@celad00r,22,0.2458%
53,tz1aS2NBMpL9NVkWjniUk9Rno2nx2vDgxXuk,@jamespowderly,21,0.2346%
54,tz1cbhmVZuFTKHcACSFpg5ER1bGVGkanhrbW,@IOivm,21,0.2346%
55,tz1fbm8cxUVRrGHxREypyLzbW9UVHZ838st1,@vonricorico,21,0.2346%
56,tz1gJJrpnVojWj7mZCWRyeqCE6UPBhgFEFbi,@cinodarielli,21,0.2346%
57,tz1PADW67gHdeXY8mxmM13vn7V7oXvW8MgPr,@Eltono,21,0.2346%
58,tz1PtcWrJhN1x3VaEhLCHvsxgduwGh4ugHVs,,21,0.2346%
59,tz1SMEhS93oLW6v3Uw154nZ7JqzepqSaYZA4,,21,0.2346%
60,tz2WKRK3i3zBjX8aAyFn3FVWmYDAHFudQgh2,@dioneye,21,0.2346%
61,tz1ayhFGtGq9TDweghiv6LyATk4hZkKWU3KQ,@POelbermann,20,0.2235%
62,tz1eCX4smQ3LbxwDR3pqNoLQvNNKiHJtpwYz,@msoriaro,20,0.2235%
63,tz1LqEezq8UbmmehRdFT22DhP9fvhsYwfuDw,@melcryptoc,20,0.2235%
64,tz1Mdpj1npkpaxPHF2wFN6oX8SovVPfHyXSy,@CrypTomChambers,20,0.2235%
65,tz1ZmRNg15UZVoM1wE89umMiE35Ff4ZAnKqw,,20,0.2235%
66,tz1ZvGCwooStQY1JjDwKdedmx8SJxmgvwjuh,@pe_de_mosca,20,0.2235%
67,tz1QsWLG1H9yYiTbJ6PX8e2i3aUJGdxk1Ufp,@NFTNatter,19,0.2123%
68,tz2PFaFHMnkLAVHd7S2RKuBK4jJdCtjz8kBJ,,19,0.2123%
69,tz2Tv8m3SG8Xj2tRmgqz56QnVhQF3QcUeroo,@NftTrees,19,0.2123%
70,tz1hg1S2kiLpz9cszEUd1urxD8z1s5JT8TBR,,18,0.2011%
71,tz1NgN7FCrSzs4vfMroKXyKE32WsReYD4WPd,@loackme_,18,0.2011%
72,tz1Pu8zRmNghAHzWxsT9Cy2qXHxkCrHcB3vc,,18,0.2011%
73,tz1TVa5tuFYt1wnUL2EZoZ5qknWLPhYrrGMa,@ArtNodee,18,0.2011%
74,tz1U8mFPuyGr48BWnULky9kUqAVQk8ewBHtU,@stusontier,18,0.2011%
75,tz1W3D3cigJ7sRbEKAwespa8ySbyUqBH9ahe,@dereknft,18,0.2011%
76,tz1YQs3qHgQGGQm14vX8vMDWwzY1DFXHCzJB,@OffaPerry,18,0.2011%
77,tz2SrgwygP3FUupRvW94Qw81kWUrHxoY9mom,,18,0.2011%
78,tz2T1JQHdZxuCYeuFqe4z1Yd6LoGCuveCoH6,,18,0.2011%
79,tz1cxk5LbWqoCExnjgoQgKASNsxdNbEWvoaK,@itsaherring,17,0.1899%
80,tz1eB2tzcRPLQbnKPZLAYoVMV1yWv8BetSTQ,,17,0.1899%
81,tz1NYwQ5zBFQbws2EHihLgMjhrypgGA9Bn5e,@amberpoulain,17,0.1899%
82,tz1UTAy58j2H2SsiufaXkZBchJNCkAgeXXxU,,17,0.1899%
83,tz1VGZPvqytFVAoSAsM8VrUveJdL3PpVy6K9,,17,0.1899%
84,tz2WkNvULYTbHBJeL9PBPPBUF5fT46TKCkYT,,17,0.1899%
85,tz1eJHRv1W8DYJjtusHSh1c1juRjhKZFV7LQ,@chainofinsight,16,0.1788%
86,tz1fdv4qjH467zGFJycBA1wX7kXgMdKSHfeq,,16,0.1788%
87,tz1PcF3U6KDKxLX5CNYUgh31FtrensvXS1vQ,,16,0.1788%
88,tz1PYqfNnkpZydtSY2Tn3Rv8mjkgUpHJpFXC,@QArtsi,16,0.1788%
89,tz1UVNappJHg3aEM7DYktiDyvZo9vase5AJx,,16,0.1788%
90,tz1Xd75PTAwQhK9TAhUZxB7GtdczkE3397Bu,@acid_very,16,0.1788%
91,tz1f94uZ7SF2fLKnMjFzGQTbznd8qpAZ12is,@ztepler9000,15,0.1676%
92,tz1Kx4ydaiJHThd2nTgXR25JPTZtKyLG9KC1,,15,0.1676%
93,tz1PoyguZTFRYfHC9j3VYvivNJqKViewkfYm,@bitttylabs,15,0.1676%
94,tz1WdiCMbg9Umn6wqwLiVi17d99pfM9QxK4k,,15,0.1676%
95,tz1YokFzMR1hX4m4aBqgutxLSUKFDdNoYGEN,@RT_Artwork,15,0.1676%
96,tz2AjoLXod2ZRaB7L38uFNg88XZFF67fUxDm,@Krzysztof_Syruc,15,0.1676%
97,tz2LxrbXYhT6C9FwWDpJrD4KNaVSqBbncz7V,,15,0.1676%
98,tz2R1iMz3wHEx6Z8dpdPVgb9eTDVh5NdeqNz,,15,0.1676%
99,tz1ap25idFZeNe2DeGqS9F7yidKRNZ4vFnPA,,14,0.1564%
100,tz1bBdon63ZyMePh6kqURay8iMkh5NMpQfrg,@VidaVakil,14,0.1564%
101,tz1iaVFySeteNqer5NcmNaxUdBW4bbrtNakb,,14,0.1564%
102,tz1iKKzf8QFMNUv3EDwHjpiSRAzTbfyBFq1H,@cleanNFTart,14,0.1564%
103,tz1inX3zd94NqN8YsTxoT7PsmBRzi6Bu13Ec,,14,0.1564%
104,tz1iuhDtKMFV2t99ZMa6QG6jPJqGo7YroDdo,@mgmm,14,0.1564%
105,tz1LGa2ePYGgWuxKF9z4Ps341N1M4xuUm6Nb,@joehalliwell,14,0.1564%
106,tz1LgJcfMyexNCeSHivoZvmBfvj47i5YEEpL,@TacoTezos,14,0.1564%
107,tz1MKUuWoUGVYhz8BH3ETnjoCZbJ2Y6zsA9p,@446f6d1,14,0.1564%
108,tz1MPih1war56NGkvTrzX3dF8v8JwHjKsm7G,,14,0.1564%
109,tz1NBZbCJG5rvVPW83LcD53UPg11vZug8FRc,,14,0.1564%
110,tz1PSEVCg3ShH7uQmN9YfHECXrzVHj9J5Zvw,,14,0.1564%
111,tz1QC9QZH8giTj5TewD7ykLBCGR3TmMwzgHq,,14,0.1564%
112,tz1Qq5n5GGBJi3uMx69yL6K1hpT9cNsWxBWH,,14,0.1564%
113,tz1QSxDeUy6YQZj9Q9HZ5couvThGX8Qu7RzY,,14,0.1564%
114,tz1R4bLnuw5uwWLrvFV3vajbw2eBXb6MQ3F3,@Nicolas_Sassoon,14,0.1564%
115,tz1VoR2LqBzgCSrmEB2HQUUgtMgjm6g5kQy2,@antiquefuture,14,0.1564%
116,tz1WdGoHis4WLYhKwFGVPeRAhS1cCSHcmTFN,,14,0.1564%
117,tz1WRVgKHfkZvuEymYgHTFZ9ck5wNBQ4GQzC,@dAAAb,14,0.1564%
118,tz1Zmo36Tb5X3cyuiBCd8Wyj2ATSfqzKJwh7,,14,0.1564%
119,tz1ZQ1W5zpsVUZMJhzxezA1Nrgma7CnAboRV,,14,0.1564%
120,tz1ZVFxUi2J2YitdsaH2VWJkoG9ZieCEzKxf,,14,0.1564%
121,tz2SkMakFtDeBXuBQ1zAhJjAZkTC1c38drBV,@TheDavidZhou,14,0.1564%
122,tz1a6tAY8tZJVFaWj6Tmz9LEq2ugmdvFjjRs,@econ_rockstar,13,0.1453%
123,tz1c8bog1Hw3c2AUYUcsJrKs1hw9CTfFTeCe,@vjthor,13,0.1453%
124,tz1ej4VrWM9mwC5dzjX6LHtN6zcohoTr7X9Q,@1x2x3xnx0,13,0.1453%
125,tz1fz3oNUFzvBtMTPi75ZJKTdErUPqHc46bc,@starpause,13,0.1453%
126,tz1gfc1S3RQoMeQNnbs61NxomqjKbMQZCLoc,,13,0.1453%
127,tz1MsrdFYZfY5SJynGCjBCgsLeR3aVRMitTn,@joffnft,13,0.1453%
128,tz1MVDMcy2dWWVBoaerBDFM5WSb5FGpwKtwu,@the_homosaur,13,0.1453%
129,tz1PmkivtHWNkvh8nFdhLJdXnc49TKMiz8i4,@blakebutler,13,0.1453%
130,tz1U2wsJgebEvS6CZYXn1mjErRU5mSZ2ZS1Z,@taiskoshino,13,0.1453%
131,tz1UDwFTsdKxJaXuHE9eavD4MUvyAk185wEx,,13,0.1453%
132,tz1YnJCi3ZoeSgszw6x78WZgeGumecM2EvbW,@theurbanita,13,0.1453%
133,tz1ZWje5jpfbWrG5iuxz7qUx7eBLLAS5Tv3z,@0x00000010,13,0.1453%
134,tz1awh8dGUvo2aH4HxheWq2Ua4pa9UHcqkMV,,12,0.1341%
135,tz1eQSDae9aYg9qkwPnrBK9ZK6kF94YiGEvB,,12,0.1341%
136,tz1esHcZH5isT8mo8NLy96Jcfi4hCdq5xa89,@ediciuslatnem,12,0.1341%
137,tz1ex5eqnkfQQuaGqUsKG5jbAXLkG4Rq2D36,,12,0.1341%
138,tz1fgQgnq7itzJXL3Nvx6GLsyNfrv2ofDt9i,,12,0.1341%
139,tz1gH5qBndFDibwQ1jyZ3QDGcm35qYD7ndru,@brendonrell,12,0.1341%
140,tz1iZ9yHJzgvC4oBvHsrNmtL8GHPqtwqshAi,@grasser_alex,12,0.1341%
141,tz1NiZMo5Z7A7qA6LiH3GMB4gBVLhqJ8nTji,@atimtay,12,0.1341%
142,tz1Rap5Gv7XEhQbrS1PRqg9R1v9Nojdginq4,@metachaosphere,12,0.1341%
143,tz1TxDL7npfYDSyvrZFC4deUPMySvsL6xARU,@p1xelfool,12,0.1341%
144,tz1Ty3zxPSKtDbb532h3UKWff4SRG99BU26L,@mobotato,12,0.1341%
145,tz1UaGzw3MRwn7G9WQ5rRDs8tMCPqNw2JyQE,@iszotope,12,0.1341%
146,tz1UMXYYC8HKDM7CRGYHzquQS8XykH363jPN,@LLLubin,12,0.1341%
147,tz1UqpNLoPRpAPKCTsgXyBRitTdpKJWEjVKT,,12,0.1341%
148,tz1Vo4jPVc2LeA2NLxnG6k1dx24hEczQCtRu,@Pravz_666,12,0.1341%
149,tz1Xwa4QkJhg89GWeXP3Z67gDLvYe4DzCK8J,@Hans_2024,12,0.1341%
150,tz1Xye21UorssHqTHEyMQso5EG95sssea9vN,@esnho,12,0.1341%
151,tz2PWXChC7fgz6eRBobC1gusadnempgUep3N,,12,0.1341%
152,tz1dbbzv1CCN219rKYvpCtGfh3ePM89yCUi9,@_viscous,11,0.1229%
153,tz1hBuEgXmxPmtruU21ofSKUD45EmNXQ5cjF,,11,0.1229%
154,tz1hBYa9PA5rnC8R3QDhUid3bNZBibaRhAsT,@tweetious,11,0.1229%
155,tz1KojLMYHQZW9BCS6skDYV9BSaYh3hk3aKJ,,11,0.1229%
156,tz1KqzBPfhoTquknvyWSsHQ3PX5VDaoYMqq7,@oohgaga_,11,0.1229%
157,tz1L8mc3gHDXrcixnNHonLDJe1TsUTNCPens,@loafgren,11,0.1229%
158,tz1Lhv8ZHbsNbATa5aUpRWFdUoQToGM6RbxN,,11,0.1229%
159,tz1NDLFUcU1ekNk5zKJGVmkmVuWPyFMeNMm1,@TonyPeanuts12,11,0.1229%
160,tz1RvH6cnBTpBQTyjDoatyR8Ev7zdK5BHtWL,,11,0.1229%
161,tz1SXnaADssozctaFKr6ajZgJ6jSjq5uLxjF,@MONSTREphotos,11,0.1229%
162,tz1TvzpZnC1WM4nZJuc9WW7YFP7tnETzCVpu,@stashxyz,11,0.1229%
163,tz1WJpBDRGfa21un4yQDKTGXZw561nsGg7Qe,@spike_0124,11,0.1229%
164,tz1XeEyDyk3EKLBg128NNMpTXB4bur5YMjnD,,11,0.1229%
165,tz1Zvyhiv6DfPbSBa1iR7DL9b9t6ReJsZeNQ,@seherkis,11,0.1229%
166,tz2C2FJrknXNyDL8gyYCMzKYHcfM71TvbwoN,,11,0.1229%
167,tz2E6CBDuodQuNCswuAvXqVanQYWNFuvPYdz,,11,0.1229%
168,tz2HMhNEPoVy5XsSxXkRg5SXZ2ErHRnWAvwZ,,11,0.1229%
169,tz2LZh1wVVywuuJhwV4cQu5Q1mTsAtbYGgYj,,11,0.1229%
170,tz2WXJJGef3aUhZvm3TEZsKSV1UwoUSNxSrc,,11,0.1229%
171,tz1akScCBSpjefb2nWqes5MXFxeF3bmZd3jR,@GuerreGaspard,10,0.1117%
172,tz1b1WCj1AWEFfrfbsCZGuCTS6vtv4AamqwW,,10,0.1117%
173,tz1bqtGnZmyM2BCoF4ztz452vqGuKSBaSLFT,,10,0.1117%
174,tz1d8Fx1eLFTeRoWTjXvs5W8hUMZEcnb9Mvg,@tropofarmer,10,0.1117%
175,tz1eFtCrUfTQX37AfBvM5sQ6JkkgZfuHXAfz,@Qvantatitive,10,0.1117%
176,tz1eHuC9QoocYuqWaDfRkCGz1i6JA548znkv,@aliceigl,10,0.1117%
177,tz1ewfUSKYFaKZShpsuJfcdVUg3JJA73fbLi,@DanWiseCreative,10,0.1117%
178,tz1f9XY4BuEC5GH7eFViJs1dQ3WN5L7koiJM,,10,0.1117%
179,tz1fLywsNYFcfKLSW1pnAKzB48skrwDgRhgP,@dchimals,10,0.1117%
180,tz1fNCdx7h3ceHguUEvENNqPmFSJcbaVM57G,,10,0.1117%
181,tz1g6JRCpsEnD2BLiAzPNK3GBD1fKicV9rCx,@jagracar,10,0.1117%
182,tz1g7jhJaxqPwf4EvJ5aPer9zHXvFfTUgEn9,,10,0.1117%
183,tz1hh1BmBNT2Z4a5tNPhvGWQ2vi7MxErA4Q3,,10,0.1117%
184,tz1KwG9Dcp6wwTdetP9T1STqpnBLXng4rmzP,,10,0.1117%
185,tz1L2yuYQMNayroPcnrEZ9YytP4rwgj6FWZ1,@ListenLisse,10,0.1117%
186,tz1LLSwj6gGNX1eFHAvnt4tkC8WQryeRBpPW,@EL314B,10,0.1117%
187,tz1M7n1FpvfKhByTPhW3pwbQv67Ka5YV17BC,@richardsonkelly,10,0.1117%
188,tz1MfxyKqCihhSAcP6Foqfd3dY1LQSPKGf17,,10,0.1117%
189,tz1NCbby1GBEhVX8mjh7A3Jmx5jjjfNpBdtL,,10,0.1117%
190,tz1NzzKPfru2gkrS5ZGYkziWfjmensuGdTXM,,10,0.1117%
191,tz1P4iM5y89uzQomRZPZ7XFuHV6Uw3b7YTQ9,@StarWesterner,10,0.1117%
192,tz1PHhuHWaWJAzZeLdisxqj4mLg1ZgJftr7D,,10,0.1117%
193,tz1PZ7a2uDxKHd2NouLrDyjFVfpvpfJ3HBNR,@pixelform,10,0.1117%
194,tz1QcTrWgHBzgPDPAWbgekcKAYhhsUhvTwiX,@Andy_Chang07,10,0.1117%
195,tz1QgjmhrUD3X7kgS9mMHbUz4cS6uDiFGhAU,@Yazid,10,0.1117%
196,tz1R2GCNQGwTswdVkxu7SooXdwJyTsqu7B7r,@zardozclub,10,0.1117%
197,tz1Roq6end2LFtkpGrmuyRZH82xsWfaRCat1,@andreasrau_eu,10,0.1117%
198,tz1RwGXWUsq6aPte3UVLFRKzmyNYdmkmCSa8,@0x4a696d,10,0.1117%
199,tz1T75dNwLtP1M9DmQmV7wUkoSwiaU1PgXHE,,10,0.1117%
200,tz1T9gxDcKjKG3w2hYfSeePuRuucg7M89E8n,@maxtannone,10,0.1117%
201,tz1THwbFPPPBHmBu4cmLV2SppLFrA5QfBhyF,@muradon13,10,0.1117%
202,tz1TzRFpnDELx6Z7guNwe5nNMdeUFU7W2jKz,,10,0.1117%
203,tz1V6YfNEZdyDstDyJRkw52F5CUidMrX1iwZ,@in_cloudlands,10,0.1117%
204,tz1W53nWnqavj4BEbv53zwLMVVTKVTs4gfkP,,10,0.1117%
205,tz1XvP1MfRgh6DbHhVXK5TTqKznV5MYCGoMv,@atimtay,10,0.1117%
206,tz1YwDmauojKBk3CttTJJJTYxsNLbiB6K1yk,,10,0.1117%
207,tz1ZBMhTa7gxSpaeXoqyc6bTCrxEHfZYSpPt,@aebrer,10,0.1117%
208,tz2D7Y4w4uTELUr1maQfQ3oAYt9bKnztXfMv,,10,0.1117%
209,tz2FZXMskQS98mXr8dDtCLTLyNBm9DezaJ5o,,10,0.1117%
210,tz2GQfVfZTLjThTzCC6YDzo3knskJBsmF9ZP,,10,0.1117%
211,tz2KDVPvSsUajpDe5H2zrTCbna5Z3UFrySQr,@CrustyFelony,10,0.1117%
212,tz2MXToyb2cFSdVv1saH6hNKWAbT3eciAy9y,,10,0.1117%
213,tz2PsPRLTf3NPp43MqnHvWz1Q2URYQtisxs2,@OriginalGoldCat,10,0.1117%
214,tz2Sax7qhqHFJSvQ4Tdo3taXYoSbPn6X3ni6,,10,0.1117%
215,tz2UFengDQP723q7R3Mb8ewsJnq2EmErBsj3,@claracxw,10,0.1117%
216,tz2XYaHRqgK58BGPzpaE6w9nziE7NKvZHzDn,@tofersny,10,0.1117%
217,tz1a1n1YMLaMAXbHRvAAW2CAUEqqjdeqmgst,@metapsyche,9,0.1006%
218,tz1bb6K9DZ7CYad9MwiuuREL1o33bWWCGXTE,,9,0.1006%
219,tz1biKU3xnysM6WXAYN9Qsp9siv8Ttz5f7UY,@omgidrawedit,9,0.1006%
220,tz1bnWUvcfU77EBpbLUQ41c3hCBKovGuqyGY,@KRANKARTA,9,0.1006%
221,tz1cGxwBkrCxeELdEtsCz13pEte67FZ4u7rd,,9,0.1006%
222,tz1cHgqdWYLD39rrPsrLD8Shj7HZDujZwarZ,,9,0.1006%
223,tz1cHVbttfksw95gn51fdxdra4Zbqe36LspP,@yelitzardgz,9,0.1006%
224,tz1d2rUGp2s6Bx8EwVyxxYVa7gJXRA83gAqB,@yungmathusalem,9,0.1006%
225,tz1d2YhEdxj3QEsWDWf3zQ38w9VKFPg2xJML,,9,0.1006%
226,tz1dH5GygqStiUQudRcagYfzdtyofAVxVgL7,@jesse_altman,9,0.1006%
227,tz1dQWuaRh9GuMyxrx67Ji7EMxMBY5A2y17o,,9,0.1006%
228,tz1f51PdCRQT5Sywc3QpbBye1XPAup6tJCf3,@mjrlowe,9,0.1006%
229,tz1fyXibzW2g3Xd17YtV4RsV7hnJTDpZsxyn,@zaphodok,9,0.1006%
230,tz1hfuVWgcJ89ZE75ut9Qroi3y7GFJL5Lf2K,@sableraph,9,0.1006%
231,tz1LaKayam3qQdbYvJJNAYR9MpRv3tPpSUPo,,9,0.1006%
232,tz1LBs6F9tZ4Qdf4vvCF9ikjeyHaQmmAW3Yu,@rvig_art,9,0.1006%
233,tz1LMG3aczkVRNh2S5kUcr2m8jxMbTDjhZjn,@langfielddesign,9,0.1006%
234,tz1MD4pRPwoh3RadNT1fj3rpUqTAa9X2xim9,@tburtonwood,9,0.1006%
235,tz1NKHjwrYfg7GWwbWZ3bvdejkVL34De72Pz,@gnawnaula,9,0.1006%
236,tz1PYJbuAbc14ZBLbD7jQszoVDDEbMBpjYKG,@FrederikDeFruyt,9,0.1006%
237,tz1QETJtQrvb1YrqKNNS2T1rdVuNa6Y7s7iS,@Gerardo_Cotera,9,0.1006%
238,tz1RJaJXwrqyjUtWyXqcybX77yUKHj8j3oyL,,9,0.1006%
239,tz1RNaWaAuZjWxmdFzm28pVBgf3bhMcfTN8R,@micalnoelson,9,0.1006%
240,tz1TtUyR5URy2rGZS9pV8JT8TuhixiEPf3xF,@YuHaoHung1,9,0.1006%
241,tz1UhqmF8bMLnnsCrMGLZrkjTymz1f72FbZC,@beck_janna,9,0.1006%
242,tz1UU3QnUDJw57zWTwuwonUVvtZRJj43kYGf,@leander_dn,9,0.1006%
243,tz1VCjq6K1XpxTYstoHF2TuG8AFr4vp3JC8G,@_cel_0,9,0.1006%
244,tz1Wwe1nC7QmLXNa1rTm2ZAojm3HjDQ2jrj6,@nodeartnet,9,0.1006%
245,tz1Y6yDurLYsrFPRd4NrwBHVy56AQRsS37Ua,@Guandanarian,9,0.1006%
246,tz1YHLm7Lq27q3rgVXLY424zQMkvncVvNiaK,@Ne3DNe,9,0.1006%
247,tz1YZ4VZCRPoiDyGP3U69jCq2S8duDUcRjHP,@LorenBednar,9,0.1006%
248,tz1Z1mMAbNr8SquKcMmBP6cEGA7cifvjvyRB,@verticalcrypto,9,0.1006%
249,tz1ZkwEb9TbyhcstjhNA8CkCDStirzbswrpA,@oibel1,9,0.1006%
250,tz1ZpAwqP9p969DMDyFQj8VK5LaUCQzXBgHi,@radorossum,9,0.1006%
251,tz28xUkntG7FK4nAYVLB8mFrd468hvzeDEVB,,9,0.1006%
252,tz2GSEx85Bbjso46QeFhMij3xV7GPpCgD3n9,,9,0.1006%
253,tz1aRPbvjrtvt7wC9352giq3LhWpH3s8NoBv,@OmRigdenJyepo,8,0.0894%
254,tz1dhmUMLa3ZeVC3GJWfQty4VfgHdkd6xacQ,@aigardening1,8,0.0894%
255,tz1dW4z811rbrACxH5PTu5VtdhRisLZUDhdU,,8,0.0894%
256,tz1h7nm7HMLmXbeQVGHCEyHd43kP7qXwUHSB,,8,0.0894%
257,tz1ibTknNagJCgQPgcbPvJhpSyS5vxgdyFt4,@ChrisRandallAr1,8,0.0894%
258,tz1RRXhv8nJbq6siCZE3UbpPXQG2EuL9TzS1,@_danielyamada,8,0.0894%
259,tz1Td8EcRFNWTLQdvZpsnAfAdg6AuMQ2f4AB,@itsinthestairs,8,0.0894%
260,tz1TeRrBjHuZGRXLnRfX3Lna3QujCZ8sqzVF,,8,0.0894%
261,tz1TQcXkpNSFoQHX86WuNmTqJmwDwg2cAjhx,@uncertaingaze,8,0.0894%
262,tz1YJvMiZyXnzvV9pxtAiuCFvaG7XoBZhbUQ,@1x1_NFT,8,0.0894%
263,tz2EaL8HTqjZhVAWrQ3Ddp4wNCxPeE8CtM5f,@ExpIPiequalsOne,8,0.0894%
264,tz2G4ruLffRkzHxXnqPwMDW7s61Q6xgYXW12,,8,0.0894%
265,tz2SAYQ4yLDCycmqJU51LtNMGMT5tyK3PKkW,,8,0.0894%
266,tz2WTz6a8Yw8ZHGWSw3igVSPHYH5AjcbLNdx,,8,0.0894%
267,tz1a3ZWW7sdgX3JGp3h316TvsgpiVGWFYihe,@solarise_webdev,7,0.0782%
268,tz1arU7FDwSA1nHKXHepyzPyaqJMDMEtxnfU,@malaventuraNFT,7,0.0782%
269,tz1aU7SmyjBbo54b3udrCxmHL2WdhX3nqid9,@stuukstly,7,0.0782%
270,tz1aXcPJTeNdgyf8JiTaRDgbCaNd1bKxDfm4,@Thisisarobot2,7,0.0782%
271,tz1axqr9q3NY5TcHdMwKfeT17zb3smQLMJNP,@plumrich1,7,0.0782%
272,tz1biyDVy4Zq4vZyc91eJAKi7wYbNFPJTzHD,,7,0.0782%
273,tz1bjGah9KhGHuVGxuabQM2okXyafnPMxvhH,@carreras_anna,7,0.0782%
274,tz1bodPGoG36hh6NnjJxa4TbW5Xvuh9QBP5a,,7,0.0782%
275,tz1btEppXT42utFyuMDaxEGgd2B2Y68P2QBA,@wonspacemagic,7,0.0782%
276,tz1bVKRZHbEEkogfQzAWh93iLJUNG7A1GpYu,,7,0.0782%
277,tz1bxU2TvKjA32ucKyQAi47cYD7GX2Vgh8C6,,7,0.0782%
278,tz1c3hFmjFSwunjLHECnYyjr42KRt5YiHrGX,@schwittlick_,7,0.0782%
279,tz1cALi4cQRKtSMCU92nkmtQtZPZGppeHke1,@greencrosslive,7,0.0782%
280,tz1cfSdS7h65w4FYSLxXVwdBfbjrwEnFwoZL,@alistairkeddie,7,0.0782%
281,tz1cGgQteiYrWEmEefKVScvYmenFrS9HauFV,@mxjxn,7,0.0782%
282,tz1cMugfiPv184Dw6PUhai78dTnzvPx9jnDy,@Ucodia,7,0.0782%
283,tz1coEYWsh5bwhhCsK2Dc1SXTNQs1hWs1QtL,@hermitkrrrab,7,0.0782%
284,tz1dEF5ZMTnBSkz2ZQPvpJjwyfeUUyGjeMtf,@andreasgysin,7,0.0782%
285,tz1dKiXujcXbJkdvp7nJQ1FB6cgKzuU8cEci,@matheusleston,7,0.0782%
286,tz1drEV5soQL85qJMNts3JfkgZxD1oL88gsh,,7,0.0782%
287,tz1dRj74KUHeZKRqCzrSSAppRDqHRAi5uCbn,@noelpendawa,7,0.0782%
288,tz1duafqHy827Aw6bbFNVqUbpxphm8MSecwU,,7,0.0782%
289,tz1dvEHWmboEsCfKrJUW6PWENEmZKz7xExfL,,7,0.0782%
290,tz1dXJNkXPp3BWxZCBFcDjppna3sRmRiNMGg,@atlaude,7,0.0782%
291,tz1dyAMs4LvYPMEHncziQ95V4vjqdoxi5BrF,,7,0.0782%
292,tz1eky73coNLY3e8b3rzBihpkC799Db3UtKp,@AliaK,7,0.0782%
293,tz1emrwnH4jVYJTCKUvKiyxA7Hxs5HSH8tef,,7,0.0782%
294,tz1eucmsRgVBrAN8dKyr525J5CJdMuaLZ5Nw,,7,0.0782%
295,tz1ewFLAMVifrTJemC3x9Tie8HgNCALRgSoe,,7,0.0782%
296,tz1eyTfLUUjVgsW11x8q4p8FU2A8N3aCMi4D,@RicardoAFalla1,7,0.0782%
297,tz1eZ8amacCvSQsFM8wampwWXJFWsmGVRQFd,@ganbrood,7,0.0782%
298,tz1f2BRzyqpj9mgdFRKSAbadTsvdodWcPcU4,,7,0.0782%
299,tz1fc7czLHcSN9J6SjTpmThRgpPGJYSZfqB2,@spacefishNFT,7,0.0782%
300,tz1fewvNHnHAm2cDw7nUYYzZHWUq8V5C52xx,,7,0.0782%
301,tz1fL2ZxiVVBUuFed61Zoi1M2iD7NfTKPJKQ,@mathewe,7,0.0782%
302,tz1ft8ZPvFdcsMa2LyyA4h53Mm61bRHXBMfc,@algoritmarte1,7,0.0782%
303,tz1fTZs8yQdVPzn56ygMmUTRmiLiLC8iFNtj,@ChunkyIsla,7,0.0782%
304,tz1fUAw8nNU5Q1W1BNm7pTgKVFkatRMDeT1y,,7,0.0782%
305,tz1fx3QA5bnkJJVG13HWLEWQFBNd4u4fqwa9,,7,0.0782%
306,tz1fzJFDVUYJSCv5EkXWv6S1zDNjmPtsxRD2,@crashblossom1,7,0.0782%
307,tz1gdB433mLvsbtzPT547j82t6ve3b2JDw9F,@dribnet,7,0.0782%
308,tz1gex2GDc6teVM28RLD7Yof5nbwqdhzeAyc,,7,0.0782%
309,tz1gKQKVmgU2qeeS98dh74g6t3M7pu6YGvYk,@GollumNFT,7,0.0782%
310,tz1grYEuUxKRdZB3cPU9DxchAnztrR6NixSg,@idislikebrian,7,0.0782%
311,tz1gTmZ4rSNZ3Zu7m7GbMi9rQVjUs7GyMK7b,@misterburton,7,0.0782%
312,tz1gVKxpEGC7QW1fZyEEMEW2kgJRbpgWLNpD,@pointline_,7,0.0782%
313,tz1gWDVuEL5bi7fRLhXMX3sbBHFc3a4YuibY,@methodiclmonkys,7,0.0782%
314,tz1gwW3ixXhAhqTRr5dZnJkodGkRva23HUcX,@gabrielkarasek,7,0.0782%
315,tz1h7sQhBdKfiiAYXvtTFNPocFG92b47K94Y,@Cruel_Coppinger,7,0.0782%
316,tz1h7XPajR11HyyfkZwr9sx36kiQMf6QGWi3,@byte_delight,7,0.0782%
317,tz1h8nRoaWAuLZ8o79acgsSmqsE1X7Gwk7FF,,7,0.0782%
318,tz1hb4cziUnNDaSxoC87qwPX9oTEmn86DHqP,,7,0.0782%
319,tz1hEZvUHcFQ5YgjVHnfeNAH1wdewqj76sB1,@volt__edge,7,0.0782%
320,tz1hhG3vN2NCoPZepvEbKHBFQ5denwNJwHXP,@digitalcoleman,7,0.0782%
321,tz1hqMcy2MHZzdoJtEk9PJKe8V3WKHdfozHD,@carol_jauregui,7,0.0782%
322,tz1hQWnYZpSFVr99UHBFsz58ix2UXbZMYXKp,,7,0.0782%
323,tz1hTmZ3WJ4QvsoLY6TyEQgNakztGhDcTcrs,@ultraKelevra,7,0.0782%
324,tz1hXfBwRPAdoj9n7SMUVHVfLcwgQKgGdUeh,@snax_snax_snax,7,0.0782%
325,tz1hYYR6QRzP1g2iZDKmSwJCy5AgSfJYdBc8,,7,0.0782%
326,tz1hZtNQ2KpwccV5Mdyz4ogx4HsNPykRGWwM,,7,0.0782%
327,tz1hZvoGtccTwBEDPmrTDduFv6DtJq2i7kZY,,7,0.0782%
328,tz1i7tKfmok8uX9VhaZZSoxbMGVYgXcPSb6U,,7,0.0782%
329,tz1iriVRaQWaU97xwzxXZbmNREKm332MuixZ,@depatchedmode,7,0.0782%
330,tz1iYNYHzgEdYfDqV7aWAz5VyMLmz32AtzTc,,7,0.0782%
331,tz1KhiFKMdKeLdBmuV6qmzpP4Jp8v7u6cDft,@JvdeNft,7,0.0782%
332,tz1KySTBB8RXWVraggfXWLaLR9H3K3JBEbgt,,7,0.0782%
333,tz1L1XwcVmD2z4qPfLtBJ6RPThgAwLcXG6kW,@klaushubben,7,0.0782%
334,tz1LAzxsaHGnuJqtZjyqkYSLkE4bFK8GGQA2,,7,0.0782%
335,tz1LoojwnqwgCLmaNXt2xUrm39yHRWwcT7rd,@techmoney11,7,0.0782%
336,tz1LUtFV3oYnVD5wYxqWxi5jr1LtQjDdwbdD,@BrendanTadler,7,0.0782%
337,tz1LVgDWLLF9EmFksVeqU1CFxBoYqZf8XZ7r,@somaticbits,7,0.0782%
338,tz1LXk7mU5KwbjzPq3gngPWyqzzN3aCh3ury,@uberneath,7,0.0782%
339,tz1LzFPWDKZLuHzQFUSq2ioT49wtBJ8KNxFu,,7,0.0782%
340,tz1M348mq4NQsN56yGhFtLo66LDRHD9WjHSu,@jclayton,7,0.0782%
341,tz1M3zsSoqbfE8Mzjz7VD3SLXZampfqti9Lp,@dushfack,7,0.0782%
342,tz1MfuHgpyDBmwbYRJjjBGyKGZgFBPLyEVWd,@Mathooss,7,0.0782%
343,tz1MhJnGsG927X3Rb9FTktZstExcAKLdsQud,,7,0.0782%
344,tz1Mi1EDX1uPQuKHTshAUzcdVkWkwqVQABeH,,7,0.0782%
345,tz1Mi9uWbMtU8XrDd7vMrvBy31CmMG9LHFov,@zxyra_art,7,0.0782%
346,tz1MnH2QpHzacWgM5MmR8Xxm3rPrN9cUY9rs,@bangisal,7,0.0782%
347,tz1MUKBZu61v9Xy38B3CJ2EgLnS6pESNmfMa,,7,0.0782%
348,tz1N4LRdZCNFGmxxfJL7V1mokNotSt8G3Jyn,@robob3ar,7,0.0782%
349,tz1NkvZdys5k4Z8Y9Vej8WPLaQVNJpHUdxJa,@Ro_mi_nd,7,0.0782%
350,tz1NuSrvLoy9UxeGtALPuKWDrFMq9JZ8aGW3,,7,0.0782%
351,tz1P2NVXLmHJkU11PH1E9XZfboTedUjEGyJN,@DigitalPercept4,7,0.0782%
352,tz1P4oKep93UMG3XGF9keH5aUfLqteatFr3k,,7,0.0782%
353,tz1P5Za1TUMsDejgzMM5iMNfHAxDUpPCHiwZ,@JoanieLemercier,7,0.0782%
354,tz1P8WXV91t5UZcDhiPxndgmRhTL7XQpms2V,,7,0.0782%
355,tz1PamLRivBaxR9w1MhsMshs2sT35zr3FafF,,7,0.0782%
356,tz1Peq8idTtxF3znLoTSRiFwfFZZzzmdNiGA,,7,0.0782%
357,tz1PgVDVv1pKgH4reCN4gBbEHTGq8qBFUdwB,,7,0.0782%
358,tz1PNgoubHE671F2BAyfUnSHg3ji1A4demFt,@Haustraliaer,7,0.0782%
359,tz1PQiHVEUrocwpWe7c1o4eJ4nnMzXFdDubS,,7,0.0782%
360,tz1PSoDcaD2Naaciir7jAAtAacoGrKNA4rQD,@0xSubEk,7,0.0782%
361,tz1Pu3K2be7aPawf2UCfTS2hkrhRckEi8TSQ,,7,0.0782%
362,tz1PYkCcWo6WRqGym585bRMLMq9jwwN2qSgH,@EchonStigmata,7,0.0782%
363,tz1PYVjdNTcb7i3vGjf3G2eKzG91rKyYmhGp,@bernizeck,7,0.0782%
364,tz1Q6cM24NQHADEU3C2pouiw6SAvrzGzp7r8,,7,0.0782%
365,tz1QagNVXSYWQB42DRpJQXS3CLeCnkf6rcRm,@frownpolice,7,0.0782%
366,tz1Qfospffawd5mQuW2tdnxVpmyJd5TYaKr8,@ludwig_lahi,7,0.0782%
367,tz1QfUs5txeak6RSBwFygYZXYmq77h6Petxo,,7,0.0782%
368,tz1QGCWjNpYmcS6T9qFGYSam25e36WeFUCK4,@NFTPROTECTOR,7,0.0782%
369,tz1QJ3FkMrJDJmWSsLYhzfct8cu3kupeeigy,@GMcrop00,7,0.0782%
370,tz1QRGuWFKq9Lqh7V4FxCRDoWCsPEgTW4f2M,,7,0.0782%
371,tz1QWFRpbN4rA8vABvxPAREtuffu6F1VKFTB,@shig_nft,7,0.0782%
372,tz1R2Wj1WNoRPekDAi2W7dQ3gjze7YEKpUoo,,7,0.0782%
373,tz1RaSWDEeNQfrrxpuMgQ1wUZi5Mdccvh9R9,,7,0.0782%
374,tz1RatjqzChccqPZJDYRtdSsdMBtgEXgLzh3,@shdweffects,7,0.0782%
375,tz1Rpez3wN9Vgp8yA9RFfdL5rBXQAiUJtvk6,,7,0.0782%
376,tz1RV8NPxcqv5HVUrj5TBaDJCj83BN9SLTrW,,7,0.0782%
377,tz1SmuHYdVbzhtbgeTeS9hgsax17cm1Q2GjH,@sizenewxyz,7,0.0782%
378,tz1SoKFcnJJpkihm8AEgCRGgNpefePEAnHQE,@urben,7,0.0782%
379,tz1SRtdDrVtx77SWDqrjQHrWRfN8XBk8h53j,@cr24ti7e,7,0.0782%
380,tz1Sw4mAU9N4HEUMa6j36HwjTCwLVFi7aPCc,,7,0.0782%
381,tz1SxszmgN6UcmqorTY9st1q5XPa5ZfnvdEb,,7,0.0782%
382,tz1T7QMkroV81qCCrwTzTfqbVEyE2f3w9ccg,@TezosCommunity,7,0.0782%
383,tz1Tguuqstpgd77A7uvnKEgoMcAfcEzTQaSm,@encapsuled_,7,0.0782%
384,tz1ThSL5No5A19sVsESSyuuWXywU8qhPuTDX,@DJ_24_Official,7,0.0782%
385,tz1TjWW3D9EpToafsvYcWEkvGCm2Jjfu3k99,@vadevagarin,7,0.0782%
386,tz1TYoNPUwDZbmAWCTqwL48iZoDUjuv3nyyH,,7,0.0782%
387,tz1U2jasnqBXjCMjcfEVY4i6ybSoq1PoLdxU,@MarioGruhn,7,0.0782%
388,tz1UcXyKMh5CB561T7KVVW5HsSfrRGj1DQmT,@csrsnt,7,0.0782%
389,tz1UE9CuEUncPFu7qfYpJnAe3T1jaZH5kQBg,,7,0.0782%
390,tz1UecX4DJJi8BGCmH4VtaypU52MddCpUD3j,,7,0.0782%
391,tz1UgFQxGkcZxXwEehcubn38Tsv2vefByKph,,7,0.0782%
392,tz1Up3Uyj6PR3AkdsaXouhhetS3VdaTkW2Ro,@annaxmalina,7,0.0782%
393,tz1UQSa7mYNT8BntyxkES1oBvPJr8vRYhmEZ,,7,0.0782%
394,tz1UXAsfFeufr6p2PafNr2oXNrTDSdtwwdgm,@TezosHunter,7,0.0782%
395,tz1UYA5h6JSabkdE5VaNL6P1r8cf211oMsCr,@StollVideo,7,0.0782%
396,tz1UZtPGDxECKtacDSKT1u5MCiYXJGHCFEeu,,7,0.0782%
397,tz1V84gmD8MsmLuCfT9M1LDaTjpJb4eAejvM,@visiophone_lab,7,0.0782%
398,tz1VaHSdEiNmp6u3dDzHRSY23BeU8F93BzbY,@diskettepark,7,0.0782%
399,tz1VCyMMhK5sZKWG73RmWk2poRUmKvcqLxhv,,7,0.0782%
400,tz1VDrHAnLxLH8JrWAKkZhJjyaqqR3qsbhUQ,@estelle_flores_,7,0.0782%
401,tz1VFqe7CFMFWPeeqFXCyWe33KcfDdXadDUm,@davecurry,7,0.0782%
402,tz1WBwAmtU2T8GHUrS2t613gL7PgXMSD49Jj,@FLAMINGODAO,7,0.0782%
403,tz1WDtMQdggPNJvQVvVBSS8cHTKy1aLLWBag,@fritjofdouglas,7,0.0782%
404,tz1WMwADoVqGCXjKtRLZzuHNNZhkAuf4YnXf,@qizzio,7,0.0782%
405,tz1WpTRurjwRGGzWmW2wyXNM2PqiiPeVurKT,,7,0.0782%
406,tz1WVRAhQ8WrPdWPFDjD8TNJx2aNoXmk5qBf,@jardinesage,7,0.0782%
407,tz1WwLpnjMbjfQEmUpExC8wqNuZP5vTjYqgS,@TeNinEightNFTs,7,0.0782%
408,tz1WZuFdbESHfBSvoBeao1Wkt7NCyUuXAT9D,@sam___tsao,7,0.0782%
409,tz1X3eDUVtoMS5njtLQFKnBmxoFCWPEAVf3Z,@gritcorp,7,0.0782%
410,tz1X3eZfpMQJ6bkjLzj7d1gy3UC2LM2UBW7F,@nftexp99,7,0.0782%
411,tz1XJDXNHNmdeuqCsqRzvPXBh7GTbSz75oGB,,7,0.0782%
412,tz1XJzdA578FshxeRjnNHzzAb1f3JAiqEYfk,@luciusfelimus,7,0.0782%
413,tz1XRYzDAncDr3Tnk6bKvVVwSsAAQcDTcKwk,,7,0.0782%
414,tz1XWWsbK79QYy9bPNiKHGZXFC8bqHaZVLAi,@masta_g3,7,0.0782%
415,tz1XypStbLaav3THYJvgf32wK78z6qX84cLr,@porkbus,7,0.0782%
416,tz1XYXk8pZSTyQJTB98WuqRaodpStYLuZREp,,7,0.0782%
417,tz1YNUNArBDYWu8evZj73HR9vE6y5FQkaj5M,,7,0.0782%
418,tz1YqCZ8u8cFYDohvqqrnYjz6iQGmnmrwvVP,@eyaler,7,0.0782%
419,tz1YseydcorqAoU5AY4xkvNqhghWSuKMLnCc,,7,0.0782%
420,tz1Ysp9rnqoS2dGJvHVqiG3keJFZGt5Hnwrb,@skyenicolas,7,0.0782%
421,tz1YWQ7r5RGeP5S9emzkpHSYeeXduhCn4r2K,@MonitorRoomArt,7,0.0782%
422,tz1YzN4Ns4DMSYV9TcS2NyMuX9AfMFdS6CEh,@jenjustjen3,7,0.0782%
423,tz1ZhteLTqobRVCYsPj44oFfom5BJ2SdGxeE,@JohannesSimon8,7,0.0782%
424,tz28yhtLUowFtotXojTvkgCiiBQCDW8Mrq1L,@DolCreative,7,0.0782%
425,tz29DCRxNPk7vrJFGGpnsXExPsbx2xbgz8M1,@RareBreedsNFT,7,0.0782%
426,tz2BBVCfxfXYJXy24j1Gbq6okGYRbCjvwA25,,7,0.0782%
427,tz2CNGDksJFr21XKonJeD2uzJPcTmNfQBAKY,,7,0.0782%
428,tz2ENZEaCWY6j9jEnfjKVPkS7BzAP89RvWdM,@Mkriiis1st,7,0.0782%
429,tz2HwP1JKEjEy4H8RxPMkoHWuSzUWZsRSC3R,@LeithBA,7,0.0782%
430,tz2Jcg1PxT84cSmUp5VWV7LPkNpVtcPiAL63,@duOcelot,7,0.0782%
431,tz2L3KjqXf8ZtvFz6TY2qxUzBxrYyeGCbugM,,7,0.0782%
432,tz2RpzwJvg4JKLqoahq5TgDSjSBRdWH3YX4o,,7,0.0782%
433,tz2S8xbSkYZ2pnFhiRvC2cVapErz75rNfkWo,,7,0.0782%
434,tz2Sj1asuMEYxmgNubyaULEb8DtUsvF2BbG5,,7,0.0782%
435,tz2TFkmqh1L66hWvnq6MBaTtxrLmfgY8coYM,,7,0.0782%
436,tz2TZcQvh6Y7qpeV8SLVv2R7ya867V53KmBo,,7,0.0782%
437,tz2TzW5tR531iMhWagkdNXvfp49bDMNqGLJd,@adii_arun,7,0.0782%
438,tz2VQcbgsBBkYeGVmGtNVCkasDZwsaQZuiNW,@whoiscavenaghi,7,0.0782%
439,tz2WesdvwXjyiTVfhkUtdKxiMWZJksMCBabY,@zpielmann,7,0.0782%
440,tz2XNGTHVzY4PhKJTA1W5L9ritCrkdmLPQth,@Aonaranachd,7,0.0782%
441,tz2XUK8kztTM554Kzd3cCgSMYdo1DJG5mn1a,@lenzfliker,7,0.0782%
442,tz1akUoz3FLw8vLcBmb9vgo7adubVZbRftLx,,6,0.0670%
443,tz1bie4qAmN9VnwM9zZ83bRJLxenvLz9DCiw,,6,0.0670%
444,tz1c2SXRKpFpNBPmUysiHgd3UqKvUjLaSDQ2,,6,0.0670%
445,tz1cHivx9cBWDmCiav1Sp95G1B4EK4uPeMCa,,6,0.0670%
446,tz1cwWy1DPNcd5imGficjrMQv184rHeW1Qh5,,6,0.0670%
447,tz1d6A2NDBumghUVupFKSh8FwaY4hfG7nYBj,@artnikoloz,6,0.0670%
448,tz1eyBs1AtFFHRpR7FkWS87W9mbzHGA2mJZP,,6,0.0670%
449,tz1fCHiWZ3ReGqvhxkMejVzcnXYz1rnsJpow,,6,0.0670%
450,tz1gksZ2zXdYRPAkAuMPmRPcRKGnzTy83LFt,,6,0.0670%
451,tz1hDNg5hNuWx9kMcw5e4YngbxXiVTrjp9FC,,6,0.0670%
452,tz1hgG8kCZgJLHnFKXPWd3htv5d6pzJFDmpu,,6,0.0670%
453,tz1hnawLy72AzdB42iC6AkPoJTCXbCJKBKuU,,6,0.0670%
454,tz1iP3M4veaSHkMkxYyiEAqe15H6XdDeGT7z,@BroncosCrypto,6,0.0670%
455,tz1iRgkhDr1ZePoPuMNNUUNUEzGzMczBurxw,@abstra_HEN,6,0.0670%
456,tz1LmWw7wDkPLP4hCgXPU6CRaDDvnhLj4fLT,,6,0.0670%
457,tz1MjNtnX6vUusRRtkShgj9rjft6CH5qM1UF,,6,0.0670%
458,tz1PqjoLXo7rc6pZSGgEsQHvLBUkSBMEQuA5,,6,0.0670%
459,tz1R8fiBKbQEy2CRK3pBdBDVNcAQze5b7n9G,,6,0.0670%
460,tz1Sh8HMRjbUrGUijaGrDtag8BifkChrXaKp,,6,0.0670%
461,tz1TwhWjP9Z3YakJTsZ7vXyrmGLP2jdsq974,@CrypticSuper,6,0.0670%
462,tz1UAYfFWmaTrQTYMptaGCw6LrXK5Yv84VnQ,,6,0.0670%
463,tz1VjaaBTjSEywNDdtHyQsdPKquDxKMwkmWp,@clintfulkerson,6,0.0670%
464,tz1VM4G2AWMBPU1krcqpLupH91Nka2vwS7Mu,@OoakosiM,6,0.0670%
465,tz1WzkAkhnpqjXiD8SyPyLJHAEeRKGGzgB8P,@AlexBor73319398,6,0.0670%
466,tz1Xt6tuKvbxgUZ1dW5wkypPtpTrNepQWjny,,6,0.0670%
467,tz1Y64BZJuFV4t9E6pouNec8YLzJUi9kgFEi,,6,0.0670%
468,tz1ZEoCxEKW6fPZv8LZrpu2N6DBZcCCqMS6v,@AndreFvchs,6,0.0670%
469,tz1ZqWq4SAYME47NgZnF7iWN933tky1k5KrL,,6,0.0670%
470,tz1ZTREz5odePEKWXJujkfGEtdQvgt5651zx,@j_u_s__ti_n,6,0.0670%
471,tz2K1wQ1E1ikDqHjgQyERwrba7X9ZA4t9SHS,,6,0.0670%
472,tz2TCUMkFPi3Q8abPzzp79og9Sz9bQwvEezZ,,6,0.0670%
473,tz2UYLKTisJDAqAXTCn2u3EzMDHYMBr9JVb5,@indiedo,6,0.0670%
474,tz1bafXvnKt87p1yXPV3vvVpe6gyD7BCdjyh,@theartistjohn32,5,0.0559%
475,tz1dU8pHeKrDRegM2jp7VdCzkbju6paXkq2e,,5,0.0559%
476,tz1gbV6qJBCA9WTBoJfzuZCsAcRdVjdk31Cs,@derek_morash,5,0.0559%
477,tz1hm31gL4DXUeoaKsHCeWW91JFPrdBYgnnD,@sketchboi64,5,0.0559%
478,tz1iPNfw8Zv3w4GQ75Vu6vF1W9rvbSEJsoaJ,,5,0.0559%
479,tz1LbhKEDi4sRvLrbpvJ7YuY5P93AuAJunRy,@lilbridge,5,0.0559%
480,tz1Rbk8KFtGBxQA15wjM3AR8daQCVNo1YyAG,,5,0.0559%
481,tz1S2g8PKzwDkZmrMGpCU8TApYp2vt8fi8Vb,,5,0.0559%
482,tz1S5gqrxVSpRSvM6uLDeNKWU9U9qpVT8mox,,5,0.0559%
483,tz1TsHGGcE3hYi4omwSr9oeCpVbm8pyE78dd,@nicholasmir,5,0.0559%
484,tz1VcAGX1v4PnrxiaJWk6cUCVy5zFVbTVaiS,@LuanaMallorquin,5,0.0559%
485,tz1WDzb1u9f79oj2bXbgThJCi3wNFLA1Jtcz,@templeHAP,5,0.0559%
486,tz1WfSBV7yQgHXLwuyPYrA2wSp5dgcn9xjqX,,5,0.0559%
487,tz1WSc7L26aD14FtVC1ZjngUaUFNAxvChBqe,,5,0.0559%
488,tz1XrEk4giAGtSZ9BSYsgjrYvYdTq3FxaeZ6,,5,0.0559%
489,tz1YB4Zg8VZLDGs4nzH3LgJ5EQjZbtT4v8Vt,@FlutterChunks,5,0.0559%
490,tz1Z2oVuZabDojLbNT5hCg6r1i3JJcZMe3X5,,5,0.0559%
491,tz1ZdjR3JnLDgk7gDMWA64cLrKv5ujrSKF28,@THorsmeier,5,0.0559%
492,tz1ZR5JKcHzU8Xn5m3w3pMGHiYnHwQNPDkSm,,5,0.0559%
493,tz2931Tm49Xbw4DRac3pdhjW6aCzSa1hbk4y,@bouncymonad,5,0.0559%
494,tz2AXgMRkBn1auUKuh4KQy1PJquT6M6ZbwoR,,5,0.0559%
495,tz2Ji4xLx8mcVNgzZ324DA2uAjRPtz8nuLy8,,5,0.0559%
496,tz2JkRv4c9swhvFhxzhmsrGYP1T8JMtH3hWU,,5,0.0559%
497,tz2StnT3TwiU2znKx3gArJaNgnNUKpK1X6fg,,5,0.0559%
498,tz2VD9n4epuHvd1QH46iwBACyPnvHtUqAJG7,,5,0.0559%
499,tz2VvzbwcM5Cxm1cpP1NjBXFLiFomsH1KnaV,,5,0.0559%
500,tz1aGhJmvMniSVcSM1Xqag69DzgK9kPQr58R,@DRAGAOVERMELH10,4,0.0447%
501,tz1ax7LMe8JynXvdtPoaXZJJ233vWAS5ubTm,@nikkisiuhaiart,4,0.0447%
502,tz1bL5E6yLfTsaSCXQxfFmRbPjgE9eL4JH2p,,4,0.0447%
503,tz1fdSFQ7uuuiPw5hNiUCNvZAYXwRDCmX2fP,,4,0.0447%
504,tz1fHEJs6qSHaMy85RBxHVku2J7ovn2mMSf6,,4,0.0447%
505,tz1gMRKQWdhY5ZPUehpHofLswyL8Vexvfpbm,,4,0.0447%
506,tz1hkv5Dw13NoPKPmbrvx2Rs2tn7CANubSHL,,4,0.0447%
507,tz1hrrzF7ZFEhEcdRcK8f4ixvmt9Sd4gq9NT,,4,0.0447%
508,tz1hvfkpf7HbnE1Rroi7JbyegVjZzu97Yqw6,@nftbiker,4,0.0447%
509,tz1i7fDupvRU8AWoQgPtqJvKivXnyvuvTLYN,@lennyjpg,4,0.0447%
510,tz1LaqjdBZvJ2drBq8Zp9jF3HGhfqjHZm9Ny,@cabline1,4,0.0447%
511,tz1LHZF6D4aQVGKsx2o7jaqMq8wqEnmjkvGx,,4,0.0447%
512,tz1Mswoics6EJkkapgAn9aKsxsy8PsTChSHY,@never_clame,4,0.0447%
513,tz1Na7eAxDUHsmxEYLFVKheL37S2fPvuYLV6,,4,0.0447%
514,tz1PE5ZZo4iqa6DCUn2hU2KvY5euSffdRZvm,,4,0.0447%
515,tz1PR1P5Vmf5QHKzjWCbu2BMnkMH6DgZkdPH,,4,0.0447%
516,tz1Q2eekfg9ZAoxowc7YPeC14EfJLxbd1Sfw,,4,0.0447%
517,tz1Q6XEmctrzXhPMf3heNZgjukZHNxaSedeh,,4,0.0447%
518,tz1QwFb2oBLQAq9Xrey26FjSfsw6mUAGTJQQ,@desolineez,4,0.0447%
519,tz1R9f5osvh6a2xYNh5TWou1rR5NLa7YGFCQ,@rustandmoth3,4,0.0447%
520,tz1RGinQ574csDgqYRssFkmViwdnyinTuUDd,@muthmanifesto,4,0.0447%
521,tz1SBfYZ33H2svb4jh45KFnSpRuvMEkfgzHR,@acesun07,4,0.0447%
522,tz1SeV6vmY1nR6xuDPXRx1tWsrhqXCwmXL2j,@luisfraguada,4,0.0447%
523,tz1SGLEydAbC5ZqQY2NDPNFsFQ63w4XidaYk,@byronnextdoor,4,0.0447%
524,tz1SW7jwwbV9DBHewJAVkrADdmUYmnjyzsMF,,4,0.0447%
525,tz1TG9d5ACUTVsyASTP2yi412VbW8hf2HUV6,@dead_marcelo,4,0.0447%
526,tz1Tr9eMmkFoyDoeDmN8aB1vXD3jXS6WzmfZ,,4,0.0447%
527,tz1UDFDYRcKU2LXkvAVAz5cQ9mBLwmnbtvM4,@sashastiles,4,0.0447%
528,tz1UjHVejstEhcg7QCX6ge3MpKKYFSEFDFvG,,4,0.0447%
529,tz1UW4ay6FkQKTzK4fjajaTJbNoyyXypWEYJ,,4,0.0447%
530,tz1Vc6zJorVVR1tmLFd9W2ApRDmjRveFNeD8,,4,0.0447%
531,tz1VefkYoh6CkHAvHDRNJVVmvssfaUekw7BM,@landock2,4,0.0447%
532,tz1VWBWBN62KBuV1NxsbYYBSC4m4Cb52k1fG,@PenroseDeer,4,0.0447%
533,tz1VXYQDu52xwYP8kGm8hHYJG4tuHCnrsuxu,,4,0.0447%
534,tz1Y9HHJpZBQdm6xvf9C1nzQYKAU5kifqZLs,,4,0.0447%
535,tz1Yf87KmBxciyzAEwzW6VFtRV8mSZ6YrhNr,@jiwosophy,4,0.0447%
536,tz1ZfrBRYW5ELJxdi5aPxbouzDJpkug2arNw,,4,0.0447%
537,tz1ZK3KvF1WShsWL72Rhg915tdFfH44fXsHi,@Rodrigo50717359,4,0.0447%
538,tz29SJUXxkBNLb7vEqovtEbJ819G2FuPgAdd,,4,0.0447%
539,tz2L4t9S9LjpR2ca6B869siiKe2Ymp3aQ4gg,,4,0.0447%
540,tz2Pb12AvGrCgAYbHQoRc3R13F9QkEL1ZnoV,,4,0.0447%
541,tz1a323nusYfVqpnx22UThoHkSL875uY4TM6,,3,0.0335%
542,tz1a8pBqWvaZqmkbRweQ5YmTE8co7KAE9Auq,@igorok,3,0.0335%
543,tz1ainmc54XEvG83b5rfG3VAf16CTKFuSanw,,3,0.0335%
544,tz1argAW1QL7XRvQn853KRNGUMCkGSaQEbjR,,3,0.0335%
545,tz1aVzhX3gFAHKaqea7YaxXj65vG2hoTVEC3,,3,0.0335%
546,tz1b4D34XekDYaqiXraCKG31sWLgqThDzxc3,,3,0.0335%
547,tz1bEFJjDignqzezHoNok7Uw3YJJ8L2UEQnd,,3,0.0335%
548,tz1bpZNjxdgrUkMnGSiuBQduciHKLAFe41gM,,3,0.0335%
549,tz1bSeomxViYVFqk1Rb5jwAVUFkXjgoci2Jt,,3,0.0335%
550,tz1bTP9wmc9xwHycfc1PBaMLguSsM2fw4HkM,,3,0.0335%
551,tz1byziWpgo8JtHBjL8edmhBdcMwykj5o7wB,,3,0.0335%
552,tz1cALmpTf7EeeSBXHAX2rcnR4WAP8tSWkt6,@mumu_thestan,3,0.0335%
553,tz1cd8cN3qrphyJ3n337tcbCP2G5QkMP271b,@SoffnerRene,3,0.0335%
554,tz1cfDdk2HcAx68MsPdg3LdeMxeLsWgQ49DK,@Sumruv1,3,0.0335%
555,tz1d3YSjRXffjQPfjXTJZSFcjm36Hab2azDg,@chrisfollowsart,3,0.0335%
556,tz1d9MSKC28PenrsgC4R2ZFjWbXGSkDCekbo,,3,0.0335%
557,tz1dF16PzWVp7R9iVgyp1be9kojS8rUHS9MR,,3,0.0335%
558,tz1du6SaGKWENj1ZBumD4dh9gT7Ud4gJRETR,,3,0.0335%
559,tz1e9CKYy39AfeEPkVDtFxYGav5wHNawqdyg,@TheMetaFrog,3,0.0335%
560,tz1eSiZBQmT6LXCk2HYhZ4cBbvWZ7iCANL9Q,,3,0.0335%
561,tz1f81AeZfmVzCbVTgrnjopjvFahmdzW4tUv,,3,0.0335%
562,tz1faCW2i7rgnJ8oezaNVWuEHXp6BCunNCWJ,@ayenwhyay,3,0.0335%
563,tz1fH39wNA2gx9THBWGt3JCdFGbjJ35Kg8oX,,3,0.0335%
564,tz1fhMwbUtYBdJtGEZDSKPVaGqu1LCADSGNJ,,3,0.0335%
565,tz1fiVZ49LPVwQP8z5AuTe9gKdD2CagcLL9M,@nxpanin,3,0.0335%
566,tz1fix4myqrjzSTDkQ2tqfdEem1D9gd6AQLo,@photoshopabuse,3,0.0335%
567,tz1fnxDHaQE19EKnYFCCPrKfEpo9CSauZLva,@blxckcherryco,3,0.0335%
568,tz1ftoC3bbCYRg6DTTR3tzUT1bQWEZF4DVbK,,3,0.0335%
569,tz1fUqHZ7eFvnQPjxeWQ6HG84G2aj8ZdSBft,,3,0.0335%
570,tz1g1Eq6o1Nhj1HSKrzBphcHcEQWQiKQRiEa,,3,0.0335%
571,tz1gcrzMser9xm5tMmwbnCrz8hUnKNE9QEaz,,3,0.0335%
572,tz1gHkKBfNsmbX1UKb6TuaYoqePQuA5aaxFv,,3,0.0335%
573,tz1ghMM1kJVpSP2jjDorD5WE5wMBYRWuDZTs,@loweffortnfts,3,0.0335%
574,tz1gi6oobJHp9ZvUgW2p4WKHKysFdxEMQanB,@travisleroy,3,0.0335%
575,tz1giv7E3GFGptexJbFAiZA4Nsp59Xb6tSry,,3,0.0335%
576,tz1gR7ZHdYvX8ME5C2hxwRLnYKuMfTSt6qXx,,3,0.0335%
577,tz1grbNcg6kzXA8ffWkL3SB5GLt4ij3xjFqp,,3,0.0335%
578,tz1grQ1w4NQ8kjGraTnBAhZMr2jAYVc2AgR4,,3,0.0335%
579,tz1gWf9tis5tF11W4e5Vd3uD4sGuUkG6fGnn,@matheussiq8,3,0.0335%
580,tz1gWoaxExe3rPNkSJvjqWK3hNpk8yRzVdfD,,3,0.0335%
581,tz1gZaUBAZRDkqhFwwRz6uZBHFzNjkDv9ZeP,@ENICOLL,3,0.0335%
582,tz1h3VMf6G4w9rW5SPV1EF7DJHm9nd3tiTVF,,3,0.0335%
583,tz1hjGTqC3MZcw9R56FXBpNqQWzeEa7psf7K,,3,0.0335%
584,tz1hpCVZt6Xm4HxH1vyrQdzHYtF531m4rnPU,,3,0.0335%
585,tz1hVUGoMt9USaTZ5itnHpSa6m35nrG2Xez3,,3,0.0335%
586,tz1hyHNKGP11ktZqhfi6P3g1KTtUkeKp9rHG,,3,0.0335%
587,tz1i5KBdBxCqMXt6sygw8fCag2tnw6jZsadg,@hicetpunk,3,0.0335%
588,tz1i7iw7TLERR3EPNKPzQxLTrpp4nqpqGk5f,@edsonpavoni,3,0.0335%
589,tz1i7umEXo9U2jNewjUmKuNeoKpJLXxrZ38v,@bitvargen,3,0.0335%
590,tz1iBWPrDqshpibjm2Fgqvf3mfja5Ev8t4gd,,3,0.0335%
591,tz1iGzCy3wj3QxEVdVkgrwNNd9yzBT9QvEKq,,3,0.0335%
592,tz1ijdCnmuGSZStq5JnwLWTvFWgiz1CkVBFr,,3,0.0335%
593,tz1ivPazCcMa38ZPE3vwewietTzLeYTWau2Z,@zeroconstraints,3,0.0335%
594,tz1KhLcPv1Ap8ecN5X2E4ph7ARsesYDo2FuE,,3,0.0335%
595,tz1KrBYWqGriNsu7suyme2xvDZrgZFs9ERJh,@TheWorldOfMalo,3,0.0335%
596,tz1KvyACq9emYkpEYhXJLvY4vC1EWXxHxpis,@PixelPlanet11,3,0.0335%
597,tz1L28qvaAU3CmZViWVjnRzAh83gUNZQPsTF,@mal_levy,3,0.0335%
598,tz1L9NCY7pa9hJJ6wPAdDTarJt5kSSvteGwB,,3,0.0335%
599,tz1LqA97mkMJWcu5iSrkNA5MzTxyyLkZH5ca,,3,0.0335%
600,tz1Lsqor1SH7NJjfNaFpCP6emHX1BeEzBMHu,,3,0.0335%
601,tz1LW1j7oUGtQAJ51Eq9aYcz82xWvy25BSsQ,@krup_d,3,0.0335%
602,tz1LxHgNh9nhevHx1je5enGhiHJmbFq14efE,,3,0.0335%
603,tz1Lyggfu3ywMUndoMMkySBFMhmVAbQepF1m,,3,0.0335%
604,tz1LyWFESiCnbNmbspmsJwq5Rv2ypYf5NTvq,,3,0.0335%
605,tz1MiouwFnmidkyQfWJhn4LfQjU8WtaVkXBz,,3,0.0335%
606,tz1MM6HSjjbU23egXPuvxunWPJwYu7p3sZmT,@Novagraphix,3,0.0335%
607,tz1MmMnFt7SSrpityRu22E7KTUeKi1VokJgv,@ozlem_olcer,3,0.0335%
608,tz1MQTKJHKrnMKzQjnhaWyzwXhbURbjfgGtg,,3,0.0335%
609,tz1MZbQqqmQKQADtJrPM7dakTRrSy8xVoVkY,,3,0.0335%
610,tz1N1fwuhSPfSu4Ra3LMBZEeKChzDqNihije,,3,0.0335%
611,tz1N4o4ii81tn526c6kgVGZNwAUGTt6AJ5sN,,3,0.0335%
612,tz1N9TEC8EPtmpKjj739NEPTS5pYdrZMvoby,,3,0.0335%
613,tz1NaStFi2in6igeYJJZ69hLsjt5UKUHdhmH,,3,0.0335%
614,tz1Nbgg46KKQVGt2itPZYARPfcgRQq11HSTp,,3,0.0335%
615,tz1NcXbPG9UP3TEXrpJQrd4qX831U6PcZbAM,@fabiopalvelli,3,0.0335%
616,tz1NkDtLboBk6gYG2jUyLmKcQHxzDDiSU3Kn,@Yuri_jki_i,3,0.0335%
617,tz1NYH86H2aVLnQpyKcCEKm14s5mzhMgFEP5,@nighthawk_nfts,3,0.0335%
618,tz1P7uJL88DJxALqTYEZ8uQmQLHAGS4uq49r,,3,0.0335%
619,tz1PFRr5kavVeDsCXJvRUyPwNdnALuGLzjeG,,3,0.0335%
620,tz1PhaHrXPYLPrSaHznmyZ5RcwgMmdU9QM7R,@0xSubEk,3,0.0335%
621,tz1PPE4uP44WQGnQMstPdayMrYWv883iFGLE,@hansup,3,0.0335%
622,tz1PRgmHUNpgJhJeDV6xNeyUtippEvsSpLeX,@M4MM0TH,3,0.0335%
623,tz1Ps7E3jACNzxLNDM9nm7nUieuJjZWybP26,,3,0.0335%
624,tz1PtgGQJCFmTfy4xRks9ib7hyuvuVPg4jHQ,@msmyr,3,0.0335%
625,tz1PX4eLDyuX8aQkCd1hFLxDQDSnmfEzeyTc,,3,0.0335%
626,tz1QDunNSnWrqwCc78TqzHP86BMNXq1P7Jxb,,3,0.0335%
627,tz1QEqUQV5cL2MvTuxW3fuV4HDWxiivFfjV4,,3,0.0335%
628,tz1Qjn91AB8VHJCjC5FZx89sqAmEYiKnPSWM,,3,0.0335%
629,tz1QV3XHfNQABD9YVEYxoBCdrEPBjon2rJSi,,3,0.0335%
630,tz1QXXZA4tgdu1UTCLm2cu96mm15vzCTEtF4,,3,0.0335%
631,tz1R4uF76LxT9sDG2VvhUZoW8qJ6egUL5bCA,,3,0.0335%
632,tz1RAP1j8SjwT587jyccTNArBFhC9HhGKfHq,@glryxyz,3,0.0335%
633,tz1RoSufwpFcSSJB4JFSohvBnQbNWzBkqM9q,@gluecksbazillus,3,0.0335%
634,tz1S9qs1qpieRqBd2o5xD9Uh6dfvimNTxQXb,,3,0.0335%
635,tz1ScnxV6dRwQ3rDM8eTs6Gn7isnHHx4bk1r,@msurguy,3,0.0335%
636,tz1SDAY9a7cCe56iY2gYrtSECTWVXVecwG6H,@ishacbertran,3,0.0335%
637,tz1SGcZt2pbznPhLT8oswUx1UwthMcG3Msdm,,3,0.0335%
638,tz1SGUf8ydzPXduy2eMjr6UnB3b9bJVF9Vde,,3,0.0335%
639,tz1St1XzuLsK5j4uXYYeqbrfAWnwMxgm27Dw,,3,0.0335%
640,tz1TMFMZbYdrMKwz9D2eKEKa2kUpUAYutAwX,,3,0.0335%
641,tz1Tuf6zhyZ4xB5jaAnuKE7FNkQjsDArzFXC,,3,0.0335%
642,tz1U6ZzADx56yhA46YJU25A7Dx8SnviegRGg,@figureframe,3,0.0335%
643,tz1U72EG4beo6ZztyheWMQ4tKR2EqjPYTBoq,@zenaranya,3,0.0335%
644,tz1U9KKcFDdwHViFToPNhfWRHCvkadAND8rb,,3,0.0335%
645,tz1UB1FNwjuuMt4UppgAF2t8XExZ6bj68nwf,@BruceHolmer,3,0.0335%
646,tz1UFwr89hcJvC4sNCYK7zSLcaD4JW2KkNYD,@BrokkenMakers,3,0.0335%
647,tz1VuYcVdJbt1QQWnkFugLETsSUdmdYuEV4w,,3,0.0335%
648,tz1Vz6ZrQUUmJSBqsr8L4xcQxsyBzQ6S214i,,3,0.0335%
649,tz1W9ThvCcY7BDtEiSvdBuKPWuD9K8W89noh,@CraigSmithArt1,3,0.0335%
650,tz1Wcji2P83mGaksCEXJDEoaxRFfnXrnw7bn,@prettybadcrypto,3,0.0335%
651,tz1WDJV8EC2WRegrn2W6A68RmZLyfZP8tzwJ,@erikswahn,3,0.0335%
652,tz1WxFjVRimwvM1szJ7cURftVGRLHTTHuxjm,,3,0.0335%
653,tz1X1ZGcEHn57qnTi3YmAZ2LF5XwZm7qQPwT,,3,0.0335%
654,tz1X5udSZNqkvfxUNjdsytWqWfNDNES5d4vi,,3,0.0335%
655,tz1X7MkF4YgW487SwdWhhEtyVSLhDmZTer11,@Voltaine1,3,0.0335%
656,tz1X9AG2jfCLoNdZY6wiHiyn6BLjJgS4VStJ,@bullymeow,3,0.0335%
657,tz1XcWLaTS358PXn9ABVswTmyCZFMvGeSvpY,,3,0.0335%
658,tz1XczKdbZ9YnYbTrnDHGbiTLwNKCt14C328,,3,0.0335%
659,tz1XEJFTcKBmQrQHgAEsQ4UUWfk1FMnG5SeA,@thiagodini,3,0.0335%
660,tz1Xf8YtZaj3dgDYF8T3Xc8mMt9KyKowuPns,,3,0.0335%
661,tz1XiiTWAVzGk9Sq7hDmbpdZVCopubFmkY8F,,3,0.0335%
662,tz1XKgmxm6ZjADecBmaoL7TyRPvXiwoBzok8,@punk7635,3,0.0335%
663,tz1XrHZW3EzX6ZVfKV56zWBYY8wv2ycqHQps,,3,0.0335%
664,tz1XwcnHXatm41UwLiCH93gJsrefLNfQEYe6,@fotochad,3,0.0335%
665,tz1Xx1KnngqcdWXxjaWHknEgWVcGLgStfTqv,,3,0.0335%
666,tz1YhgsJsoyC5TPLFmbaNgWWNyYAavd9SLJh,@TheUnknownNFT,3,0.0335%
667,tz1YJ2QxEibZvgE6Hvgy6AL6mDWt2bR8tqkX,@mangiamaniacal,3,0.0335%
668,tz1YkiLmXXpTfGkUYTD97p3ttK3tjD7oJn51,@kaya45816520,3,0.0335%
669,tz1YStxaufuHpfiNJDZSeFuy5n4nZ7nBCeYS,,3,0.0335%
670,tz1Z7QyYBJBgoHHiVXUXqGxX2rGYB7KMD775,,3,0.0335%
671,tz1ZdMfzmWLb8mu22jE7rZ8Y3t9iKezM68cq,@koshino,3,0.0335%
672,tz1ZLdssHoFmvCMBcPA4egvUidMgY3FHi1pe,@Baimtje,3,0.0335%
673,tz1ZpPdoFoPvCWKDX74GYt6DKJzGgnGjts2F,@shebookie,3,0.0335%
674,tz1ZsNvZKUveN7FjRhMHTm9NiAUNAmrwdFKV,@mimeartist,3,0.0335%
675,tz1ZYsJxgBXaBAz59a7tXsvAChTbqPBStxYn,,3,0.0335%
676,tz1ZzZmioy5Ej3kpsec2rMz1temewbt1UcSz,@DonKarlssonSan,3,0.0335%
677,tz28bm6XBaWD5oz171jQE1HjWmMjRz9jDhv7,@_ufffd,3,0.0335%
678,tz295DY5VV8k1tu13xUkiRfqFucDRX8i8ZEW,,3,0.0335%
679,tz2AjzHuPvMGEwLN2TjF79U51Ao64YS7EdpU,,3,0.0335%
680,tz2Dmeg3NFMuKNBuw2XWufro5tnxuf37ukxB,@wgeary,3,0.0335%
681,tz2KfQNGuw9dRtpQYt2CMd947nxSbQDG6766,,3,0.0335%
682,tz2KKNQKxfnH9BDkWaRWaumUdnN2F8J5dxHe,@Waxhead5,3,0.0335%
683,tz2LuYAUynx5CTGqtZ7WDcx4HwPi1zsYMBU8,,3,0.0335%
684,tz2LXbRhJdbHCsG5S6BydPLFg3YFTaGmG69S,,3,0.0335%
685,tz2M3yNKfjHH8y8whX6xTz9MKAPUsGP6wLoH,@jimfetterley,3,0.0335%
686,tz2NYQ2Mm7dYVmuQ8eFZfhc7Md2gf9L1Nq2Q,,3,0.0335%
687,tz2PWAd3iZdtsTKP3b52vmzNwCQ9PYBRDnQr,,3,0.0335%
688,tz2Q4pBgigg5xaR5mNicsz3WWzygYmLRCovn,,3,0.0335%
689,tz2SrhnUDRswmERxELqWsUWFXRgZ6Ytf8RZ2,@abidaker,3,0.0335%
690,tz2WDNLcFJpWUtvdMhRQy3d8zv9TcjjDjnUV,@chankfonts,3,0.0335%
691,tz2WmpANQqHdJ1rKcaDgPpJpGbh9GddkfGfK,@_pierpaolo,3,0.0335%
692,tz2XcBoGcKLQAuwrp9rjK5Q6RS1hazjQh7ys,,3,0.0335%
693,tz1a1fvCm7bnzgVpMPetpK98S9TBxu7A3WMq,,2,0.0223%
694,tz1aDxxGKzBtjcHuYVUEf9BdJXbULZpHbK4B,@exoNFT,2,0.0223%
695,tz1afbC7jB5xf7yLVatx1cnbPdAbtEBU7XUw,@atanenhaus,2,0.0223%
696,tz1aM5EVjRJfK3TRzWA3TJh5gdu3wivroGsk,@gvb0digital,2,0.0223%
697,tz1apUYktkJeSN2bbgfadzmFSK8Sgpqm2eh1,@Mumpet7,2,0.0223%
698,tz1aQNHKYvXiZkPRkYvm5qqbN5AKWbGt6sCf,@aComputerWizard,2,0.0223%
699,tz1art8z8LXimWdV44CQiXCnMYk6EwFFZsyv,@__earthbound__,2,0.0223%
700,tz1atWGSKRQ5tKY8RAhm4he5bbaemTDmsvBW,,2,0.0223%
701,tz1aVgxdSRcHZZK9BSmEPHjMA6eM7dsiboN5,,2,0.0223%
702,tz1aXpmExefGTPY8Zw8WtaLyKK7AzdsvbZw2,,2,0.0223%
703,tz1bAET2fB4KKwmEr3nLrDr96vune7oVX1HG,,2,0.0223%
704,tz1bCWeQnSvDe2v4riQxkXw8NXP6sna3VJCJ,@lmlcapital_,2,0.0223%
705,tz1bJwj5KBMc3UFk3ijykA9c1sGDmw4FEy24,@radomski_alex,2,0.0223%
706,tz1bviCRHPqLShdcqVk6daoafuiZSxmv3prh,,2,0.0223%
707,tz1bvwUDJiwDPhdvf73naRdw7c8GigQ5dtE5,,2,0.0223%
708,tz1c6z3Ea3p3BMFNyQJvd58kTTWDx4TsWBHN,@nodwaynenogain,2,0.0223%
709,tz1cDCf4DbaeP2MNLAbCUpu1PXhrKtJiAcra,,2,0.0223%
710,tz1ckBcq33SgoXJVBNRzjUDVkF1Scmi2Kp29,@MediciVault,2,0.0223%
711,tz1ct2AEAidGs17amu6n8U3CCzma7asdrNjE,,2,0.0223%
712,tz1cuNXYZMSBf8jDiNyVkSLPuWtwCxP37Q67,@arnokiss,2,0.0223%
713,tz1cwZEwEQrPJk3Cq9rVmai21JUkr3ZCDkqt,@BillionNft,2,0.0223%
714,tz1cXX3Laiif9Ek2SWjsi4fHB1SkYBHcafFg,,2,0.0223%
715,tz1de6XuKNJBaRQy2PCzgnSQUGa6zTz8oHkF,,2,0.0223%
716,tz1dfC8XGF769JAPc3Uw4rRXHnUep86H3W8s,@simonemonte,2,0.0223%
717,tz1dfWiYpneQsga8iUTk8duUAdtSQoN6fvKi,@dinomontez,2,0.0223%
718,tz1dL961LsH9Gg7fVVt2QcyA3MfgFjosQYxp,@drew_y_art,2,0.0223%
719,tz1dM5iChibQW962yVoVrn45EDVkrwpo2E42,@0xhansondex,2,0.0223%
720,tz1dmn3QEzmVwtuf72B1bhsuA9uL8NYoRwxq,,2,0.0223%
721,tz1dTFzkJRwAssoQ53WSU5DRzNQf547d8UrR,,2,0.0223%
722,tz1dz9yFGHQR4vQuJMFevge8AWCBkAf4bFs5,@jims_eth,2,0.0223%
723,tz1eeA5WGwoE5b9yBJRbHf3fpstQwURb4ebm,,2,0.0223%
724,tz1epFxkqhGzUVMVk4L1SD9WmJfvSfV2GyCD,,2,0.0223%
725,tz1esh9qUDaKJqg5NcyHkHJW2Bv644uMKi2r,,2,0.0223%
726,tz1ett63LC7Rqv1VTrper3NbETHannTp8xGD,,2,0.0223%
727,tz1eY164t6gvczR9M12jSWoZwT6xNxdu1Q6D,,2,0.0223%
728,tz1fGCaSEF4SBPzcDoAC3PmbCL7pewYqi7F2,@dantappersound,2,0.0223%
729,tz1fK9X7NzQMbhCc5xii3LFYRxM7WdFquZYB,@arthur_xlc,2,0.0223%
730,tz1fne8nhZuSRgzaQPyaomKQcFRfthyicBQc,@onthelosthiway,2,0.0223%
731,tz1fwo8fjkr6vTDzmN5iqTuvRpGqYnvGbCJm,,2,0.0223%
732,tz1fXcyugtuDQt7yMqHKNPcBkG9s1PqkqTCY,@MysterDoubleU,2,0.0223%
733,tz1fyAVLtX5CJvEaBo6wgiAZPW42Thhwy5Z9,@theAngieTaylor,2,0.0223%
734,tz1g8tWPsKAJLzeKEof74Rvnr3gpXe1iuHUV,@knowstatic,2,0.0223%
735,tz1g9vC9bmudDH92izMJ5estmpbkxGLDn9bv,,2,0.0223%
736,tz1gbTB8MUY1kzWwWYXvqBJngU4t2SxZ4Q6h,,2,0.0223%
737,tz1gCkCMRk8o5Qs2yZ6d38zaLgRJkYCpsz5L,,2,0.0223%
738,tz1gDtrdr3KnuduuYvPMXsyfnnEW3751Yvtk,@poltergeistnft,2,0.0223%
739,tz1ghM6MacK51XfRkKLfr6PoJHVo9pQEwpPy,,2,0.0223%
740,tz1gi68wGST7UtzkNpnnc354mpqCcVNQVcSw,@somaticbits,2,0.0223%
741,tz1gj6UC2P8yMjwKVHNZKmjNHUrivPqnY2cV,,2,0.0223%
742,tz1gk2ASir8gLUgpsprGKUM8eFxQrLc1tuS1,,2,0.0223%
743,tz1gLHXnrTxL3LihtZ9jmTQhkmBv5xGid15T,@rare_force1,2,0.0223%
744,tz1gMHPbKYYo5bU9Z4Zsaj9HzPUENAn9CXMC,,2,0.0223%
745,tz1gq2v7czvtT9VZVMMdTWMBuAGrssmYieoU,,2,0.0223%
746,tz1gS1QkENJNKdP3azavMtUizz2WkggYFTfD,@MJWARG,2,0.0223%
747,tz1gTe4K4QxKrxK4WvgVq4ypJkf9GqqGFvZB,@behkhengaik,2,0.0223%
748,tz1gTkKspiGdS3cPMjhn1WpDK8JrTnuojEFB,,2,0.0223%
749,tz1gXnzgN5RCJHfeb6MBe7a9EqbykDBVn6Nw,,2,0.0223%
750,tz1h7BrSLrSUEGN8UJDj7xujxbXn91oorDzf,,2,0.0223%
751,tz1hg52q1FMop4dQN7iaESro61xDh9Vwts9b,,2,0.0223%
752,tz1hhMoZNTsVpC4srX7ApPjC4t1nZJHxSdXR,,2,0.0223%
753,tz1hmpFXWkxEVpv3U3Xjbzt5eXqZbMqSYjgr,,2,0.0223%
754,tz1huXKdD1pzLumFbMzAEDBp3zZxug5Ud1jD,@reaxisstudio,2,0.0223%
755,tz1hUyqhyNXYFmCDkVKz2RWn1mfpHwiwCezE,,2,0.0223%
756,tz1hXx6tvTV3kzxpBR6E4hDYcxdgcRGHUTFj,@gorillasu,2,0.0223%
757,tz1hyL48Gc3BGEsg18picudUX6vBFhNHJsyj,@aulerius2,2,0.0223%
758,tz1hzFpuxrUFBcMcbgJhVb5Q2exhFnudLjFP,@JYD_0001,2,0.0223%
759,tz1i5uekB9LeMyJFZKbMD4PkKwSJHpcXVrBJ,@Flygohr,2,0.0223%
760,tz1i8ARpnBgkAsLnNjDEQnFmEbvYzcurxFWh,@Pequelord,2,0.0223%
761,tz1iAZpoSAtF6NmNrBNWqQ6Rm9y3yZaZga4P,@ffragoso,2,0.0223%
762,tz1iCi9BdMEE36L8DjaD9dQjwqLnXFALHXeZ,,2,0.0223%
763,tz1iDe7qiukMecuB6Kpq8ctc1XbF7w9vXisz,,2,0.0223%
764,tz1idFEncPpXXmpMUqw8ip2vSVaxqR7aNjh7,@kitschita,2,0.0223%
765,tz1ij6di5DtvDBMdsqnmy8xber9wfmdy8opU,,2,0.0223%
766,tz1iPUundgdWbzUGffyTYDWbna7Te8DkjBZ3,,2,0.0223%
767,tz1iqm4i9DuZx1dMencNJZNMYmkzXxjBVvpx,@apanamanya,2,0.0223%
768,tz1KgzP46kFAohMo8NHXkFU7STZDkAv8LVYq,@rcvittt,2,0.0223%
769,tz1KjuVj6gJXmUeTVz2GyThsGMVSvhMZY3UZ,@kerimsafa,2,0.0223%
770,tz1Kmxn1dW5uYMwNHZya6b2rJdTMSc7ShkJm,,2,0.0223%
771,tz1KpzYgTTsE3xqiYbgDJcWmxLaNKD9MvXdb,@aurecevettier,2,0.0223%
772,tz1KvwLunHGvd6YEVLani1jsNKfe3n9Ns4qE,@taramaucu,2,0.0223%
773,tz1L4Fs5iFTqRoNHe4pwRyv9YKXan15X48cJ,@augustgaukstad,2,0.0223%
774,tz1LCcpy8MKtdu9bKeviDtcVwt5vnkBsXuS2,@hweihsuan,2,0.0223%
775,tz1LEXDjKSYEDpUKX59WgZgaHErWuhXoNtik,,2,0.0223%
776,tz1LgPmHc86Z1XoYC61LmCAUiZmsiPsHVrKS,,2,0.0223%
777,tz1LgXKPP6gCezuXAaWYRNo3tnG6hs4TP8KG,,2,0.0223%
778,tz1LHUdjqTGVigZoSSvq8CZpbeP1mTTYNmLk,,2,0.0223%
779,tz1LKpeN8ZSSFNyTWiBNaE4u4sjaq7J1Vz2z,@marchingsquare,2,0.0223%
780,tz1LKxTMyHcVYUogzAE1oTCBsFLmVS26L5Ub,,2,0.0223%
781,tz1LxpmmLx2eJqKAeJRFqrMceedGyuF1mYRr,,2,0.0223%
782,tz1LYRj8BgYJgj23kAAchWMZrBu4Sy4P9Xe3,,2,0.0223%
783,tz1LzEAbVnTfxhKuVdVSTqKAmzMdjc9QYjXV,,2,0.0223%
784,tz1M2r6qDpRoHKXm9Fv11z6bJPXQgMrVBwmw,@guidodisalle,2,0.0223%
785,tz1M3xMAXrhernLWC1NJk7uiUsVEPMFaC75o,@dh__dez,2,0.0223%
786,tz1M8gFJpXPs3VwWD5GL98b5mXB3fdVTZZwX,,2,0.0223%
787,tz1Mb2egfCsfECxSMKJrhrd8QrWHgi3aCGkf,,2,0.0223%
788,tz1Mc1eC61daN2TQCZQCWE3Y9ypdHWcxva7H,,2,0.0223%
789,tz1MCaehYRvrhPWv7HiCYQKyi9WDXbAUZkwv,,2,0.0223%
790,tz1Me77NWVevASUjQGdKfnvuGpgsRCxL9Vp5,@sanegenre,2,0.0223%
791,tz1MgEM28Ch8Ef1sjg81mQAHwoLyBQumUSW5,,2,0.0223%
792,tz1MhduXW5H1gkkomxwXnd8BVyUtSrjgKJ7B,@cma3,2,0.0223%
793,tz1Mhfv3Lrnbga9t6AuNHer3nfh56cEEdJY5,,2,0.0223%
794,tz1MhMUUftjYfSU4rppTp76wdmuxXmvRxgZt,,2,0.0223%
795,tz1MhXSq5Tcvw6sftvkLADy7VYUViavxZYMb,@_stefj_,2,0.0223%
796,tz1MJffWuJNHQdedGvwhiiBYPgbZSywvbbJE,@michaeldifeo,2,0.0223%
797,tz1MkkpPhftngpySDeTAyPtTyKV9GaqiNesa,,2,0.0223%
798,tz1MPaSpY8xmP2DRM3LxnAdZw7386F92rqLC,@bakimages,2,0.0223%
799,tz1MqSihmFMUS3qAmWPhdQWhzrhJJSBMaVCB,,2,0.0223%
800,tz1MrfUXBCvxcqhJzU973PBRobAXAKMo9eyA,@cstats1,2,0.0223%
801,tz1MT9A2Fhs6PwsUXtYgVUxGNxHeuHX93sr8,,2,0.0223%
802,tz1N55zjQBpgKZZe7R63MHjZ3cuvA6utFJc3,@NFT_Bay,2,0.0223%
803,tz1NcMLkFhHGnfCch4GX5nSGJ6pY7797iofp,@yluztra,2,0.0223%
804,tz1NERRenbv7xRZqB6qGDfaLaxTW4jHNH442,@VirtualArtista,2,0.0223%
805,tz1NKfXXgPYmBGfbYAGozsiYzQyxCVi4hKTA,@h123_777h,2,0.0223%
806,tz1NmVrqs8XkHN3pUhsLUBtin7RxroCWVJ5W,@jczobele,2,0.0223%
807,tz1Nn3Wb7rtmyBpUHdGnrwYDYa6jy9RPRwZK,@mauriciomessa,2,0.0223%
808,tz1NQWFFhVCiz9Kdc5XFEJrf7LoAuFMZjp1f,@bitcoinrandy1,2,0.0223%
809,tz1NWhC4D3Vm35ziKjpuyvC4ip7ffPp827ME,@andacworks,2,0.0223%
810,tz1NX8istbRagRgdRZejERyXpjDHp2CFFwdb,@g1ft3d_,2,0.0223%
811,tz1NyERyFfELy8YQkv928KaEU5dtJcuxf6E9,,2,0.0223%
812,tz1NzZB8EdvW5Uppth48tbajc77Uk3iXTmkg,@PacoHardt,2,0.0223%
813,tz1PbWz794azaqA5E9q3umXi7Nqv9czSWq7d,@jfizzo21,2,0.0223%
814,tz1PBZtYaS2LYCKXhgxH1FLim2YhHjw5m8m3,@antoniofailache,2,0.0223%
815,tz1PE2AB3CNUXdvKqEE7Z4CKTfd7NJyMz9Qj,,2,0.0223%
816,tz1PfmybMSbz9ouHZFbaxzpwK2qDSVxnuVhH,@cremonski,2,0.0223%
817,tz1PiWB4zkb2WdDB3fLGmKiVMdTJ1gK2hCba,@grumpyapes,2,0.0223%
818,tz1PMwsbeq2CSLmKaPpNET6W6yfh3FFScQ9n,,2,0.0223%
819,tz1PqPDcTYszaCqEXp8CDcAb5JYGFRMMu8X1,@cris_o_,2,0.0223%
820,tz1Pw24gCJfukqQrPjHCFx3s1oaZGyHsB4H4,@marlus,2,0.0223%
821,tz1Q3Wo4rimSaLBWnShkpqLZLJVjnKUXwVYd,@secretlyaveryf1,2,0.0223%
822,tz1Q4r6CMMNRvvQBZUFU5za4aTFZpC43rX8G,@sandromiccoli,2,0.0223%
823,tz1Q7eN4FpfgppfctRmBRHdqtpAgaAnZaxfu,,2,0.0223%
824,tz1QadXJPVHnQVfuVW6avJDVpE5MJX9rMEcS,,2,0.0223%
825,tz1QbeM6z3kWw3aNLs1uWvYc2vPYi1yRtyBv,@waynechu_art,2,0.0223%
826,tz1Qk9iPmypjoputbf6ttSLQ3QJy9ss1opyp,@InkedZoo,2,0.0223%
827,tz1QoWMj2S3q274rFkAtD7EybABHaPHd3Nxh,,2,0.0223%
828,tz1QPAWDqontEKTgYyHss62m7LiAQw8VX5sW,,2,0.0223%
829,tz1QRXxx7R8fAnCESAkDWzShRYkmPJnUztYU,@joshuasobel,2,0.0223%
830,tz1QTQ886pKWeqfJT8Uewgaw6tUvJP7VgB7a,@dinomontez,2,0.0223%
831,tz1QUgtPkZTsczKCmuTArg8naZSYEbaZotdL,@_cagritaskin,2,0.0223%
832,tz1QVBiT3NBoXgYAwMF4HZDZB7jyEfzn58Gc,,2,0.0223%
833,tz1R1dWA84zNgJzobDQ6pW2heJUom8n5ad3Q,,2,0.0223%
834,tz1R53ECSBpkmcXLtxJxvuvM7KoqETHimHRf,,2,0.0223%
835,tz1RiiwvVUbFDLyDLCJSHSY4arMadWqTBUuQ,,2,0.0223%
836,tz1Rrd6xcRqHYJ3pdtZmosUptCvjr5kPjbFX,@NeatVehicles,2,0.0223%
837,tz1RvDpXKZjWNVV8Hk432i7VozAZZb7zDuCu,,2,0.0223%
838,tz1S6hgVFV7frVPvsQa5S99QZB2VmUgQGJES,@marcelogandhi,2,0.0223%
839,tz1S8Lc2zGSDDVeHqn1BSYDz6tmkuBNSEAY4,@heliodorosantos,2,0.0223%
840,tz1S9bpHdTwnQegkQhdHueJ2uecWS2yay21b,,2,0.0223%
841,tz1SaTiskG8FBanxihs98aHD8HzmvzwDPZhR,,2,0.0223%
842,tz1SckgstpaKyQ8VHwcpKTGv6P8m4SHQ3LPt,@thistlepress,2,0.0223%
843,tz1SCvnfPCVcRwugvQVrvNToVuCEMwEr43um,@sweden2023,2,0.0223%
844,tz1Sept2VJnNA75EkNgELLbTWNihLiL5uPf3,,2,0.0223%
845,tz1SgWPsXPnbhFb3jnj5SofZsurah6ecfCzs,,2,0.0223%
846,tz1SJEeZviPzRSzHtZtPJwndZNk61PvdFfJD,@makeitrad1,2,0.0223%
847,tz1SjjKsKhvY1qHTrLgUs4NHy9v9AVnyB9yt,,2,0.0223%
848,tz1SkCtYzHxncoH8LCTALgtSzsMNnSaEc5oW,,2,0.0223%
849,tz1SMkvJvX5BWR9HKwnV5LYttySD4gTACGh2,@kriesel,2,0.0223%
850,tz1SmY4oqsPXaU2m95p2vpJs5reqCAQn5uQt,@needlesxneedles,2,0.0223%
851,tz1Sqik646RmWuuuHbvkf8Uykg8iKMkBTx5Y,@zatelliti,2,0.0223%
852,tz1SrXLr9LNMgkEFjm1VgWB2YU1WuvxLSwxT,@burlydesign,2,0.0223%
853,tz1SwdczgpJJtWqxdb4WrY8mMrZwXaiAy4bo,,2,0.0223%
854,tz1T15CWXjBAuHsiHgzzvb4mUN7dcw38ExQP,,2,0.0223%
855,tz1T2szcKMJSGHs3t5TD3u9VJVTkFjC5shWC,,2,0.0223%
856,tz1T8UJwCZF5W3gwQDFFzojTt6wo8GRe4TkM,,2,0.0223%
857,tz1TasK7XdzQJDwnnZt2usT32EAKDPk8wj4L,,2,0.0223%
858,tz1TbfHAvNjs2D52ejHuXRrH1iQxHWePwoAm,,2,0.0223%
859,tz1TeW2ZW2dDJtf5AdhjnesGWZ2urg5mTBxd,,2,0.0223%
860,tz1TGCx3HVBGefMMJZxnETt2zkK8JZ14i8oP,,2,0.0223%
861,tz1TGFer3chbrkNKHJK1Mv4XHi3oMAJoTCxA,@skybase,2,0.0223%
862,tz1TQ3Gi42BHwJvNCDLGFVXxYcn4p9AkrvRC,@fdoganis,2,0.0223%
863,tz1TSWEDs9wcBx2KiRzVzyzECsNpRiZaLJ1D,@wblut,2,0.0223%
864,tz1TtZmtxhiWc8Nv6AtC1YjVCtJoFjv4nTqL,@DehiscenceArt,2,0.0223%
865,tz1TyPUm3xXXybKAUCCkX67nXWoAiuHjHT7W,@dogacetinoglu,2,0.0223%
866,tz1U3mMCPB5zrnmPVyAY5PEWn5qNvykkUNYG,,2,0.0223%
867,tz1U42wqUjyZgz6Vgy9DHm28B2Ev9GTHetHK,,2,0.0223%
868,tz1UAQKaBVe97r8LHLmQGY258t3qcArazQJo,@noxlumina_,2,0.0223%
869,tz1UbgKYohSLRGN9y45YUvBJLTKoVzTqvj1h,,2,0.0223%
870,tz1Ueh9otWbUWpE4f6yaXP8MqGSu8V5GSyA2,,2,0.0223%
871,tz1UgKUorMCBdW7Xh4PAx3VqGUHmtA7sDfTz,@DeportedPhotog,2,0.0223%
872,tz1UK1w9zF2sPG4nZmmw82nuQti2kQ1XYMon,@The_Connectome,2,0.0223%
873,tz1Up2nmJXyjKV7HFk2hrHzGcRRe5y5SphiQ,@mag1ck1an,2,0.0223%
874,tz1UpBrpg5hKGY3ugnSTaVHXGKbDNEraN2cX,@astrocrack,2,0.0223%
875,tz1UWjh5k9oCXfJA5qoHUnsepw3PckSUfRvW,@potentialight,2,0.0223%
876,tz1VcdjwtwSnLtZtCqXTrEZ7jCrTHFRwMBvA,@cancerfzckinsux,2,0.0223%
877,tz1VGa58DKLoj8quyB7FGgW7QDYSGPM9yBva,,2,0.0223%
878,tz1VtXVLqV9xC91wk1gKzDV2gTErRRs1N3wa,,2,0.0223%
879,tz1VxQSiYnYWFu8iqeNESdvQz5f6hDctq8zi,,2,0.0223%
880,tz1WDeQisPM74QiuPhoM141W4nphFFqVPkds,@ToppyEton,2,0.0223%
881,tz1WEHHVMWxQUtkWAgrJBFGXjJ5YqZVgfPVE,,2,0.0223%
882,tz1WeSgHesW4kmisiBwvXDp5HFj9MPy6qjnm,,2,0.0223%
883,tz1WmkBgX9dVr8pwrMMFcxwoDGJyxdA3Yj6s,,2,0.0223%
884,tz1WpFkeeF1WhwQ33jhWjQMn1oCmz3p3isxM,,2,0.0223%
885,tz1WrNAAHUtiMaS3S9Dvspz8vsUjMapZCqbh,,2,0.0223%
886,tz1X9uYwjdyishFfv1XmEYtsA4JUVtqrKaAM,,2,0.0223%
887,tz1XfGNtJcLtaKBBDbuJQWyRTHdx9yx13ojk,@ec0_syst3m?s=09,2,0.0223%
888,tz1XHESBQvz2PvfbKDTKhvyc2eaAxQQsgu22,,2,0.0223%
889,tz1XisBzUGgCmvC7pNS6hxvQ5hMvXUTd1p7D,,2,0.0223%
890,tz1XjXyg13pVmYzS6UaPxAUSx8s7BvZRK5Vx,,2,0.0223%
891,tz1XpXi37nUiqL4m71peggWaCCYTLrAwctJT,,2,0.0223%
892,tz1XQ3YAgRVtp1K9HG71edpEVtcdW53kArz8,@starekitty,2,0.0223%
893,tz1XSbjFsXhbGM64aKXRM6JvxjnsnhoDjDdC,@makinm0ves,2,0.0223%
894,tz1XxALYTScFHYVV7dJvwtRNW6ECSHTySU4G,@tao_ferluiz,2,0.0223%
895,tz1XyX3xbTa8vDN4a2XokaCVHQJc7hY11Up5,@le_nifty,2,0.0223%
896,tz1Xz7mSzPmZQ4zRkW1iufYnakQSAuyg6PLN,@CatsmartNFT,2,0.0223%
897,tz1XZUrksJeiAepsn3v7dgBNWouwfdev63Ss,@sonicchimes,2,0.0223%
898,tz1Y3Yrxqd9PzvGcWA3mAYJcxMp6hbXKKD26,,2,0.0223%
899,tz1YbJAyfmSwqLbLwCrUTfEMeLgCncM9jj3z,@EmpressTrash,2,0.0223%
900,tz1YdbwBsvZPyZfTreR7H9WR52nrwTuA9wvH,,2,0.0223%
901,tz1YE2CpcKB1MtoHmFL86LBJFtj1eLbVE6Y9,,2,0.0223%
902,tz1YEgjYy1u7MKQpsympdwi4V6hJW1dExJ8B,,2,0.0223%
903,tz1YkVdXCn1xTk11nddc7j2yua9j12zn869K,@thatmarklee,2,0.0223%
904,tz1YoUomp8yB59Xd5EwUyBxThReC24eVY9Ft,,2,0.0223%
905,tz1YqEtvagiWEYN8CvT7GUGNCVkviLCPQi4J,,2,0.0223%
906,tz1Yu8uPZ3ysfEhRE2v9SR5NJjCpXoxTaZ33,,2,0.0223%
907,tz1Z8V9yXjJkpr9Ypg53Fpw1yXY41YWUmMFN,,2,0.0223%
908,tz1ZCN2N6TqGL7wSRp34RAoZ8PTU5DDx55W8,@audivit_xyz,2,0.0223%
909,tz1ZFCHDNBCG3fy8AdytB1rQia3AaNRnN5Ea,@TerrorArtSquad,2,0.0223%
910,tz1ZHhzWEVy5Y3CrdBDRpaLxvChxWuWfLcNU,,2,0.0223%
911,tz1ZhimgHgutqRAy229UuadFCnYCtybjrJpL,@tocame_munich,2,0.0223%
912,tz1ZS7HZyg8z8td3NYcPcVpBsTE31uKrYRWW,@PKobuti,2,0.0223%
913,tz1ZSEhHyxaNLmegTuxoGjKMkLgNHsFt4hHc,@BeinSoy,2,0.0223%
914,tz1ZtQbh7Hs2y1QeP4NhkoktLT6AXsfXNHs9,@lifeofcyn,2,0.0223%
915,tz1Zw9zmY9cgSfo2VtCoLr5m9SzNNUuWyp2C,@LAPEDEPONCE,2,0.0223%
916,tz1Zy776w4Br4asmH2Z9FNdUUHiZ4Gwbo4ok,@GuysWily,2,0.0223%
917,tz2BZMD52wJT32XZX8DFP8SG7scgSXd7iJVk,,2,0.0223%
918,tz2CcTzrLDhqFK1Bqt9iiVSPGDezvbnXntpe,@Paul_T_M,2,0.0223%
919,tz2HAac7kMGkGeKok6Mak4XqJrXUTR12U52c,,2,0.0223%
920,tz2HKXUTgZ91hjByorS5hYRsVfvxbisvi2sq,,2,0.0223%
921,tz2Hm7BkZiFjoonAWpE31tamt1NfU7m5EgKP,,2,0.0223%
922,tz2HRU82UnoQ7LciYhNFQYA8sc91J1K1jXaM,,2,0.0223%
923,tz2K1rDmszPuzVQYUcyDFxeSm7ZEJdDvhXx4,,2,0.0223%
924,tz2Kmr94zwyb9SmfcwCeBXY4Ye5NjvDi3qhv,,2,0.0223%
925,tz2Lz2JycJNudQMkTNJVgQcLSfcJbC7xTgBu,@DJ_Pants,2,0.0223%
926,tz2M9C5x1KoZGoQ9xEY6fQ6Xwbe2GU1RTzRx,,2,0.0223%
927,tz2MgAiWfd5i7kee4pMKiY5cx5QQUHD94HFS,@ippsketch,2,0.0223%
928,tz2PUwFUG7ZDig1j6ghcTFTBWgrgvenMKqEg,,2,0.0223%
929,tz2QuhydjYeX6cMTa6L6BtNTEcZXGgSN4KvJ,,2,0.0223%
930,tz2Tu2HYMd9NDr3C129at6hu6ZSMCQBJ26sJ,@MauroRicchiuti,2,0.0223%
931,tz2UwKswsiGZEDCrw4hZCSmzhXvryrFKyTAT,,2,0.0223%
932,tz2Vpw9WxjXXJ3EHUnFPzpusEAcHKxNK1QPv,,2,0.0223%
933,tz2Xd7ntDUYyHgCtQpweSarjxmmJANCRNjRB,,2,0.0223%
934,tz1a6rQg1i9Z8MuDn2ZahddP6FJtWEmYAwr6,@BigVelcro,1,0.0112%
935,tz1a6svmCBsJP62TjAgs8pRgtQkdpJs6Utbn,@BDavonte,1,0.0112%
936,tz1a7by2HMBv9QA8WT3t5fhu3E4XPofzcukg,@X1M4,1,0.0112%
937,tz1aaCcaLcVFnQ43F5wGfYtphYAzRskV4T6x,,1,0.0112%
938,tz1ajbUoguHiipVftY865tu8r1aRYEVWMKZz,@wilco_aideron,1,0.0112%
939,tz1aqECVY4HdYoLANRp1jQTqxytztpHUxeCr,@ArtZumo,1,0.0112%
940,tz1bbLquRpnE5v8sDf6Qc43snV1ays5vaq6v,,1,0.0112%
941,tz1c76PTF2vp9vHfc8DvDYuVLyYPMN18ChcM,,1,0.0112%
942,tz1cc6ntQvzCnfFGE3cASFiFAXvFWi3sU6d6,@_staus,1,0.0112%
943,tz1cxTJQtdGf1PaEQGTPvrDvH46uTbesPi5w,@G4sp4rD,1,0.0112%
944,tz1cYEAKDBeHZ8TzRRU5qYNPt5uoaUdutzGy,@franciswiermann,1,0.0112%
945,tz1dba8ayGnQhE2HxbtdkhXuRFa8HoVCddmr,,1,0.0112%
946,tz1dG6QYFemDffchx1LXioUW8j3SM3KwqcTi,@3_42010163,1,0.0112%
947,tz1dUexxVsqFV4NX8fdeYmfkn2arjUBDV4r2,@AEliassen,1,0.0112%
948,tz1eee5rapGDbq2bcZYTQwNbrkB4jVSQSSHx,,1,0.0112%
949,tz1er6XdKt2q7V6jcwUpsVmHM6L4HanBhJU3,,1,0.0112%
950,tz1eRtn8FnaLVL97RsyJrSX6iDTeKHuBBh48,,1,0.0112%
951,tz1fm39uTWM8bAcjXdZmbFDpUgrV7qdaxCTT,,1,0.0112%
952,tz1fPtXpoqSDgSeHeX2q5BLg9sC3KccZ5Kd5,,1,0.0112%
953,tz1fuK62DXQ4mZ9QVJcNV2MxKo2ytdxny12C,,1,0.0112%
954,tz1fUZ5pMP1gUjuJsp5V631cXmA87Kxm3cuZ,@s_l_3_3_p_y,1,0.0112%
955,tz1fwUoAY4h331VNWgR3ZwSeJxXtvy9wWzq7,@curiofringe,1,0.0112%
956,tz1g459DJ5BqUN4T2VKizYv2HmR1eAhb1sdZ,,1,0.0112%
957,tz1gEdjmaPs5BqSgHwxT7LeCCHGiBSpjaZWW,,1,0.0112%
958,tz1gJnVDTQqGoSYMesXsu3uhRjPkTtVaPQqS,@ashdiscarnate,1,0.0112%
959,tz1gKUR2yyHYEuj2GLqydgfzA3zq9HESjpLF,@gust_aeo,1,0.0112%
960,tz1gmbDD2jhv9MgKLWD9cg6EeLdbA17U8f6i,@Sangaeo1,1,0.0112%
961,tz1gmtpm4ZmwNkdfCkbneG1LbAntEAwUufjC,@bardionson,1,0.0112%
962,tz1hA8fvrFV9XbA1Z4BekjLZKthDdobv3AKF,@culturehacker,1,0.0112%
963,tz1hMMMv5RetJ8JE1UbNWA2nk1RB2yxuXRKH,@benbarnhardt,1,0.0112%
964,tz1hTfioT7ApZmAQPpLuV3EaZerrA2EAqPUX,@nicobiev,1,0.0112%
965,tz1iEoGm3YEdzPtxqdk3fNoY5FoAREMdiUBF,@PerottoRenato,1,0.0112%
966,tz1Krd1JqtKuDrdz5b6at6c6cX9E7gCZ99RR,@UFOS_4,1,0.0112%
967,tz1L3N5jHm9bVuc6DtkkZqjk19ABovpuMbKW,,1,0.0112%
968,tz1LcAD43SZ957sctCKdKxYJsQrEnNahTFaB,,1,0.0112%
969,tz1Lu1VKkA6YDAvSqebC4hKZENDLvYLY4ASd,@ube_raba,1,0.0112%
970,tz1Lw4pXrkUytpZYHAq7ASqVFBgoXtKu8Gh3,,1,0.0112%
971,tz1MH7vTRc4yXkttnoU93CYqiZfhEzk7C17a,@chilltulpa,1,0.0112%
972,tz1MVAabeRxqeHz5j5dJzJEuJBvoL5Wqb31F,,1,0.0112%
973,tz1NTmArrjSnBpiVfMExnrFYKQxXMX4Z4ArC,@jinsheng_yip,1,0.0112%
974,tz1NuDbgnrrU4t7CfBHKUguUXVLD4mZBtboC,,1,0.0112%
975,tz1Pa2k24hzUybjvbh3AdHPpZTCqqQCRqdcH,@jaodasartes,1,0.0112%
976,tz1PbRHWwrfMdSFEUNzy33VjKxDgZ2WcQi3E,@jordancmeyer,1,0.0112%
977,tz1PDBeZNg33t6QNJueAHTxnLE7chQLyANL7,,1,0.0112%
978,tz1PfirGv1Qk9vK3eMnMkARudeRVwFx5ZZRF,@5ZZRF,1,0.0112%
979,tz1PmGhsN26ov1sYfknXv3YdVAEQL9CW36ZL,,1,0.0112%
980,tz1Pv3MLA2iaRH2QmfzcofEf8HfJDZB64T6p,@crampedskunkman,1,0.0112%
981,tz1Q86tz2HeTL6iwHVcYe7nGUN4zSU545nWf,,1,0.0112%
982,tz1QisCpFmoCVWPQJGpdXnmeXFdwBPiPvHdq,,1,0.0112%
983,tz1QmFQmHobHE3H7AKTbDVrpBscZf2qnzZq7,,1,0.0112%
984,tz1QTphSVmriQEZQTx7qjVZjskDtkYk8SBBz,@lmaicher,1,0.0112%
985,tz1QYTLbGn2Eajef2ayxiwYhuYZ21JiJp92Z,,1,0.0112%
986,tz1R6mtcAQwBTK9YpSqRL9y2a6JZWgDkBm6M,,1,0.0112%
987,tz1R9Q4r89QrxUjM6d7Y4rc35rxiw6DQ1iPG,@okcrpto,1,0.0112%
988,tz1RNooDLz6otHEpyY28cepo2jm8QHCwAzAM,,1,0.0112%
989,tz1RuWMrWmmY8nMffL2SrKfVYXXFJwAZhyQb,@berkozdemir,1,0.0112%
990,tz1S9htkbFmqQ4kDP8waV8Us1A3sztzZEfeH,,1,0.0112%
991,tz1SNJGYV5DA6rzJp9E2bdpM8VRKrvx5mdtV,@ozanmutludursun,1,0.0112%
992,tz1SvPd1aUYZSkr22JTdRzUEGMb6ZjoPEXTz,@alexandrerangel,1,0.0112%
993,tz1T3vQC5rLgK8U33ErD2Bqzvy387HG8DHCA,@Semp_ai,1,0.0112%
994,tz1U2xpbWQzaktbGrCwHGW9WVGMPDSAdPXr8,,1,0.0112%
995,tz1Uj2Z2TvkM8bMATr95vJmq3FmmBk8NZZAp,,1,0.0112%
996,tz1UmVcZCT6dRYVcCdP6Vc4CCFY2Jobr8wy6,,1,0.0112%
997,tz1UvicPHwYC5KpejnaY8Y2A8wdNLs1Pmh6K,@CryptoR1CH,1,0.0112%
998,tz1VCNMEvETjyWScgqYVZhhRnAx2FQoJLWbv,@felipemportella,1,0.0112%
999,tz1VcWSWu19aiZCZwj5hGBVSb1PKuwT56U2e,,1,0.0112%
1000,tz1Vkoqo2ZQsVXBniYJDfX6F2NMfH5RoEuGn,@sidhikerart,1,0.0112%
1001,tz1XHNGBopxF9SQPFdBHyk6Ej4dpuepb1z37,,1,0.0112%
1002,tz1Xhyf3WDYUivX9HozrwGAQWyVB9Vu5NpMe,,1,0.0112%
1003,tz1XQBiuYpkx3s9nF49D9HE2pbC3DUNnKZHJ,,1,0.0112%
1004,tz1XQkz6uLnnyf8ztcuCuYJ8MtSiefj5ajqk,@scrillaventura,1,0.0112%
1005,tz1Y1j7FK1X9Rrv2VdPz5bXoU7SszF8W1RnK,,1,0.0112%
1006,tz1YBb4YWq8XpDf73PCa3stsiSiSw6xqFcic,,1,0.0112%
1007,tz1Yoh9NmyM3FeG37iVQJs75nSW9REcuaAtR,@rafaelfj0,1,0.0112%
1008,tz1YRbmzV2fc5jdc5a3Hjfxjmt6YzVGadpZt,,1,0.0112%
1009,tz1YRG68NdqtAcsFEwTUw6FsSsiBb5kagEDo,@djangobits,1,0.0112%
1010,tz1ZBmPFFFjEZN8MTMxrJi9RcPwqGCDdUhru,,1,0.0112%
1011,tz1ZoEaoEbtC4AmuYvHNFjT6XUeRL95gUQ9T,,1,0.0112%
1012,tz28Pnq1aMkAQocZcjzktAMxfB73b5S1U1rX,,1,0.0112%
1013,tz28Y8knHfatxderihDHK58m2ZyFWyewJtU3,@artistAKAKatie,1,0.0112%
1014,tz292ropXsciXiPhuk2GDAN4TMR8Ay5vWyBw,,1,0.0112%
1015,tz297a8SBJ3poU5nq4q1Y9nhxh4o5wXi4KRU,,1,0.0112%
1016,tz29ahUQNznsPkX3mpLQPKXfWAFGQGmAmynt,,1,0.0112%
1017,tz29DVkEuV2s15BuTnbjdYWt6NNDHS5LuXT9,,1,0.0112%
1018,tz29sgocmFVzKFxN7tz74BwPUvGWXMAbRASu,,1,0.0112%
1019,tz2AbgQvUiQ9qHZwpWBo8Cyvh7t9f5RygbRM,,1,0.0112%
1020,tz2AfxXJ8bB8jghZNduHoT4GgxfayVnG2sAV,,1,0.0112%
1021,tz2AfzcgdHDzTHAJaXZ9EfsP5fJHPbPxHAES,,1,0.0112%
1022,tz2B2UsYb1r5FXiChJ8wmRuvp8C5WTEuUSX7,,1,0.0112%
1023,tz2B73ktCTh4aoimxDd7hUWwWdzgzcWBBYKL,@BBStudiosGuild,1,0.0112%
1024,tz2BCHfrZV7p5nALTscAQznqvhaQ84cEePex,,1,0.0112%
1025,tz2BRJdzzok6imZMYerkumzymk1saKhgmMtm,,1,0.0112%
1026,tz2BZwyUngsjH164p14zowm2zhnVnapoid17,,1,0.0112%
1027,tz2CAko5Dh9mfDjmFUeAHh2dCwHtENJAUqcN,,1,0.0112%
1028,tz2CF3NcsKTdkXmSnFBkwXKnfJqJWPMB2xst,,1,0.0112%
1029,tz2CxtYTn9aAps4aTrWCnV3aHTxw5KD2nawQ,,1,0.0112%
1030,tz2Djaagc2HG3dQKi3c5d6FKzRHfdSVSS2L7,,1,0.0112%
1031,tz2DMLF7ksRweQnLJtvJrbWLZ6W9EGTM2T5K,,1,0.0112%
1032,tz2DNo3TmhYiEBNPKw4fHpR1w4uu95x9ajCH,,1,0.0112%
1033,tz2DT2YUf5eT9qCP3EXEvYcjt3bb2PGLGBDk,,1,0.0112%
1034,tz2Du3u2pC6cwbyhrRKHk181TCkWefKYwtQP,,1,0.0112%
1035,tz2DYuB8duqJKzrQkfwGZmq3yd8aYfeZduoA,,1,0.0112%
1036,tz2E44z28h9Z1wG5r2ZFZVPHwpzmrTu6aiHN,,1,0.0112%
1037,tz2E59pHUwLBQggw942qWeMp142iifs5v4Mx,,1,0.0112%
1038,tz2EEVWN7unHS4kZpQdi2yd7HXEfgiJjG9Eh,,1,0.0112%
1039,tz2F43n2YgYehTV6TjssH3dDMddgXVW1sdhN,@mathMakesArt,1,0.0112%
1040,tz2F7jB5Bp5GGGv7G4DTYVE1dJxLdGBDsyC2,,1,0.0112%
1041,tz2F9ycEeZ2nEDhGt4owosETPFPgoH6a91Ym,,1,0.0112%
1042,tz2FK1a3auKDkS1VxFACbB1HATdMMenBBAqG,,1,0.0112%
1043,tz2FsJccECjT6Sz1vV5tvjJiroKNeYXqGktA,,1,0.0112%
1044,tz2GLYoq3erGG5ajCxrYjk5aNMeHw4kDtzMV,@NeuralBricolage,1,0.0112%
1045,tz2Gs7fgvNF8cuXierscz6cPjhgnxukpGDa7,,1,0.0112%
1046,tz2GSKVo5QPibtQ18gDYqcwYnfyf68effhUa,,1,0.0112%
1047,tz2GSvX2mRLWm7BWjbSiQ4E7xWZwpcvdzNfC,,1,0.0112%
1048,tz2H91zisGxXx3vS6rdgMqhBHr1tfU6ZwQFD,,1,0.0112%
1049,tz2H9n6nvR3caoF8hapgzTphqcWWmprZ9LVu,,1,0.0112%
1050,tz2HdbFWnzRZ7B9fM2xZCYdZv8rM5frGKDCo,,1,0.0112%
1051,tz2HfKdHVaHE7jwzypsamwFkLRdkqeAdur3F,,1,0.0112%
1052,tz2HPiv1vZQM9m9KR8cMFPMUh6U7pWcsXYxN,,1,0.0112%
1053,tz2Hs6kPwz3VSVR71Xo7HVwoBPVQMFXhyW2P,,1,0.0112%
1054,tz2Hwg8KSE6wgmq4PmdWUn7bCzAQHz7L1QEn,,1,0.0112%
1055,tz2J5BuE2YkDqo9n9ctvUyass623viuuJJUM,,1,0.0112%
1056,tz2JMTz18w54QudHdddDLRxCJNzCRKCHfnfx,,1,0.0112%
1057,tz2JtFdNY2g1uG2e3LKhcAakxA665wyevCRp,,1,0.0112%
1058,tz2JukLJF2kXYCpU3UbKY8MLroKHMeEyY8N4,,1,0.0112%
1059,tz2KezMd8QkWWXRyuGaEykyQU7hDNQ1Tx1sf,,1,0.0112%
1060,tz2Ko68gBoGDRqcX8iHK8QeLuXJQLLrGJNvT,,1,0.0112%
1061,tz2Kth95iS6u9XocvhcWsTM99h7XzcgJG1Mo,,1,0.0112%
1062,tz2KVNKGg9BHXFckZNd4nyJ7edMWx4ivvCEG,,1,0.0112%
1063,tz2KwMiy3Fr4PW8fb2T7YPd645AWy3FSBkmW,,1,0.0112%
1064,tz2L5mHKtRD48mBLTZwBA2KxMbb2N9oTuDYi,,1,0.0112%
1065,tz2Lr5kbHQjuf1PhYN2iFDkqGsQDGSXvaiAq,,1,0.0112%
1066,tz2LY7WSAGzZsNXjaWbHsKVNaaWSGf5dMAjj,,1,0.0112%
1067,tz2MCEazciQLqB3dFTtFVuzfqnPxbYiooyLU,,1,0.0112%
1068,tz2MKHdt81bSCWqTH1DLzasTbVK6DDZZJZEJ,,1,0.0112%
1069,tz2MNUS1dwp29pR6aTBxULjdyGHbWhPUKRFV,,1,0.0112%
1070,tz2MRhfAKUyNZDKH8XBzmXyCwd2h5ySbgZJJ,,1,0.0112%
1071,tz2MZwv9co5HZB8KpEShhfbAxtpZoXPtRZn2,,1,0.0112%
1072,tz2N6dHby4ZvaHc8AMkKp7d61UcLmruUkuRa,,1,0.0112%
1073,tz2NMQyBMUqAXP4hNTRZmkfCWqisWrVq61jF,,1,0.0112%
1074,tz2NtvnS7VstnG3ZqGo2XDEhmarJFBc6vTiz,,1,0.0112%
1075,tz2NWTRnnJYh3pY98PCJsBWKnHAnYwdKZMHc,,1,0.0112%
1076,tz2P33YUysZuJ2gjbzGJp3Qu6N3a1CdSeYie,,1,0.0112%
1077,tz2Pko9XdySHhMeJKX25eQJieNCEEu4FPgAo,,1,0.0112%
1078,tz2PqUjXzUZrtEDwRqo2kVWTWLtMcBuXU5K5,,1,0.0112%
1079,tz2Ps85RQ8KzvEvLDiid5v1jTaSqqFXSATvt,,1,0.0112%
1080,tz2PVszijs5zDMS8u8yFv9ZPfSEtUdxNB1A1,,1,0.0112%
1081,tz2Q1AAXkwEgutfekADztAiugW96EEYf6Awp,,1,0.0112%
1082,tz2Q64cJhiHVGAKQBVSvVcbqQvc8PwZnH7SA,,1,0.0112%
1083,tz2Q8EzVhiXhbCS8p4MUEQykwgWPmcqnYCiG,,1,0.0112%
1084,tz2QasYLR8xYBLgV4obZCwAsTpyYuaZreKG9,,1,0.0112%
1085,tz2QC4zmBxs85cWJYfW92VDbXfwqTZW2spgD,,1,0.0112%
1086,tz2Qt8SDkBUZYhQpZ9HZjVJUZgtBbrj5Yegm,,1,0.0112%
1087,tz2QyTPuAqYfSgMrKnLfrmmHtR4PYhDCuDGb,,1,0.0112%
1088,tz2R26rHfViopQu8y4DzUq8Qdi4FV6H6BEKe,,1,0.0112%
1089,tz2R8cLmMfhzxHowvd4HdakTSTXw4buHRWL9,,1,0.0112%
1090,tz2RBRC1BgmVynKRph9c8pER8F3Zi115jtcd,,1,0.0112%
1091,tz2SCpboegXFJQrnc8bJ6ggaSSZmEZeG3uWn,,1,0.0112%
1092,tz2SCWCwmNsqBEaA28U8wTECc3a8fw43S9cE,,1,0.0112%
1093,tz2Sniq5jvnWztXDNkWKNdLinQFXWnTiDHJv,,1,0.0112%
1094,tz2SS7hFq7D7uEniCC9PoSd5BuL4tsFifzqd,,1,0.0112%
1095,tz2SvegTWNHFv86eswoG22JUVEdLFEeAuGbZ,,1,0.0112%
1096,tz2Sy7WuyzYrjFunRDRUsfCfLhqQHc5k7xPX,,1,0.0112%
1097,tz2T1Pe7hpSCDGYGWDQKWgUtkW2e2QPujs2x,,1,0.0112%
1098,tz2TsLAkMXLNcmvzUh3i48rVrdvVYNYrD36x,,1,0.0112%
1099,tz2TVew4YHCboowYdod63fjwjpmY8j7asCUH,,1,0.0112%
1100,tz2Uqj3HQkAWDGtyRGJkMuP2Xwuijb2ippT7,,1,0.0112%
1101,tz2Uv6mz7QgTVBdARXRiGmn14ufSAiEHJGr2,,1,0.0112%
1102,tz2UyCYoo9CGQJwkkbcgnGFu6aEKRFdJ88U4,,1,0.0112%
1103,tz2UZ76TGz73TCzeMLGXLwqzsW8SjidecyzP,,1,0.0112%
1104,tz2V9xwvbA5VPUKK6VQbMLrJxqNoEfHV6sY6,,1,0.0112%
1105,tz2VG86MBg1rwqXmwj4yXTLNJJarVoUEUKiE,,1,0.0112%
1106,tz2Vh5Nap6tqvbxwC1A91pxdpxtGMh3hqzGB,,1,0.0112%
1107,tz2VtePoMoV7mHQqc5eQ8a7Ywnn7adYKiq8f,,1,0.0112%
1108,tz2W9D1U6tk7NfNGhpXYHKp8pzqqRJkgbY8C,,1,0.0112%
1109,tz2WBCoppBKytKNbsqSRL8bq2siyL2iu6o1B,,1,0.0112%
1110,tz2WcrtVPHiZbSUzHZmP1h9NDyr8FM6iPBHi,,1,0.0112%
1111,tz2WVCQ5mKXh7L9AFhnP8CSaUDGA6UPKtskg,,1,0.0112%
1112,tz2X1jWwmaoP2NG2G6ARoMtZkkEth8nbqLvB,,1,0.0112%
1113,tz2X3ZbcvC9REVNGX6LTwAVz8GRgc5FdhYM6,,1,0.0112%
1114,tz2XPA4QzB9KYDUFpqbrchFG9p3qhKU71Vgg,,1,0.0112%
1115,tz2XS1MhRXEbxXw9bnTAhAWucjU1T251HGDM,,1,0.0112%
